fid,id,left,top,right,bottom,人口密度,长度,道路计数,火锅店数,三星半计数,四星级计数,四星半计数,纬度,经度
1,9,12647901.87,4141078.558,12648901.87,4140078.558,6451,0,0,0,0,0,0,113.6262605,34.82652433
2,10,12647901.87,4140078.558,12648901.87,4139078.558,14450,2016.995789,9,0,0,0,0,113.6255915,34.82060393
3,11,12647901.87,4139078.558,12648901.87,4138078.558,14450,3018.545863,9,0,0,0,0,113.6252544,34.81397098
4,12,12647901.87,4138078.558,12648901.87,4137078.558,18661,600.5719525,6,0,0,0,0,113.6264029,34.80876255
5,13,12647901.87,4137078.558,12648901.87,4136078.558,21511,61.01326588,1,0,0,0,0,113.6267715,34.79527018
6,14,12647901.87,4136078.558,12648901.87,4135078.558,21511,4559.603018,10,0,0,0,0,113.6238516,34.79111761
7,15,12647901.87,4135078.558,12648901.87,4134078.558,23639,9468.524487,34,0,0,0,0,113.6240514,34.78386051
8,16,12647901.87,4134078.558,12648901.87,4133078.558,28400,792.5851174,11,2,1,1,0,113.6249417,34.77727153
9,17,12647901.87,4133078.558,12648901.87,4132078.558,27170,111.4180699,2,0,0,0,0,113.6263118,34.77154629
10,27,12648901.87,4145078.558,12649901.87,4144078.558,2177,1.393048993,1,0,0,0,0,113.6357492,34.85436785
11,28,12648901.87,4144078.558,12649901.87,4143078.558,2177,816.4779508,3,0,0,0,0,113.6347126,34.85008762
12,29,12648901.87,4143078.558,12649901.87,4142078.558,7656,1417.809025,10,6,3,0,0,113.6325928,34.84235588
13,30,12648901.87,4142078.558,12649901.87,4141078.558,9117,4798.998463,10,1,0,0,0,113.6325206,34.83634078
14,31,12648901.87,4141078.558,12649901.87,4140078.558,6451,3784.313151,9,2,2,0,0,113.632159,34.82778215
15,32,12648901.87,4140078.558,12649901.87,4139078.558,14450,4955.341157,12,0,0,0,0,113.6315103,34.8209725
16,33,12648901.87,4139078.558,12649901.87,4138078.558,18661,8278.978284,15,2,2,0,0,113.6315103,34.81359753
17,34,12648901.87,4138078.558,12649901.87,4137078.558,18661,9183.854809,33,1,1,0,0,113.6318392,34.80643931
18,35,12648901.87,4137078.558,12649901.87,4136078.558,45390,3440.697933,8,0,0,0,0,113.6330839,34.79855639
19,36,12648901.87,4136078.558,12649901.87,4135078.558,21511,3309.963398,6,2,2,0,0,113.6315103,34.79146869
20,37,12648901.87,4135078.558,12649901.87,4134078.558,23639,7123.232907,22,7,6,0,0,113.6315103,34.78409108
21,38,12648901.87,4134078.558,12649901.87,4133078.558,28400,6529.221614,17,4,4,0,0,113.6315103,34.77671282
22,39,12648901.87,4133078.558,12649901.87,4132078.558,27170,6213.721559,29,0,0,0,0,113.6316165,34.76940298
23,40,12648901.87,4132078.558,12649901.87,4131078.558,21894,1672.328401,4,0,0,0,0,113.6326491,34.76391663
24,49,12649901.87,4145078.558,12650901.87,4144078.558,2177,2159.600304,7,0,0,0,0,113.6412226,34.85601128
25,50,12649901.87,4144078.558,12650901.87,4143078.558,7656,7850.705119,24,0,0,0,0,113.6404935,34.85046574
26,51,12649901.87,4143078.558,12650901.87,4142078.558,7656,5741.510699,18,0,0,0,0,113.6404935,34.84309342
27,52,12649901.87,4142078.558,12650901.87,4141078.558,14600,2471.350403,4,1,0,0,1,113.6404935,34.83572044
28,53,12649901.87,4141078.558,12650901.87,4140078.558,9736,5894.415339,10,12,8,1,0,113.6404935,34.8283468
29,54,12649901.87,4140078.558,12650901.87,4139078.558,14095,4925.797937,7,1,0,0,0,113.6404935,34.8209725
30,55,12649901.87,4139078.558,12650901.87,4138078.558,14095,8000.785037,14,5,3,0,0,113.6404935,34.81359753
31,56,12649901.87,4138078.558,12650901.87,4137078.558,18661,6411.85172,18,7,4,2,1,113.6404935,34.80622191
32,57,12649901.87,4137078.558,12650901.87,4136078.558,45390,5851.218926,11,2,2,0,0,113.6404935,34.79884563
33,58,12649901.87,4136078.558,12650901.87,4135078.558,67776,7582.468157,20,4,3,1,0,113.6404935,34.79146869
34,59,12649901.87,4135078.558,12650901.87,4134078.558,39711,6977.413587,41,0,0,0,0,113.6404935,34.78409108
35,60,12649901.87,4134078.558,12650901.87,4133078.558,39711,4054.128092,11,3,2,0,0,113.6404935,34.77671282
36,61,12649901.87,4133078.558,12650901.87,4132078.558,34082,5410.851525,21,3,2,1,0,113.6404935,34.7693339
37,62,12649901.87,4132078.558,12650901.87,4131078.558,19799,9910.125537,39,2,1,0,0,113.6407813,34.76295235
38,71,12650901.87,4145078.558,12651901.87,4144078.558,2177,982.8147332,3,0,0,0,0,113.6466749,34.8561396
39,72,12650901.87,4144078.558,12651901.87,4143078.558,2403,3062.750457,17,0,0,0,0,113.6492495,34.8500653
40,73,12650901.87,4143078.558,12651901.87,4142078.558,5341,5219.224714,18,0,0,0,0,113.6494767,34.84309342
41,74,12650901.87,4142078.558,12651901.87,4141078.558,10765,3837.794872,11,4,3,1,0,113.6494767,34.83572044
42,75,12650901.87,4141078.558,12651901.87,4140078.558,12709,4455.138803,10,12,9,2,0,113.6494767,34.8283468
43,76,12650901.87,4140078.558,12651901.87,4139078.558,16600,4091.916147,6,2,1,0,0,113.6494767,34.8209725
44,77,12650901.87,4139078.558,12651901.87,4138078.558,15550,8290.852538,18,4,3,0,0,113.6494767,34.81359753
45,78,12650901.87,4138078.558,12651901.87,4137078.558,18661,4141.772002,11,14,5,7,0,113.6494767,34.80622191
46,79,12650901.87,4137078.558,12651901.87,4136078.558,43826,8316.810405,33,6,4,1,0,113.6494767,34.79884563
47,80,12650901.87,4136078.558,12651901.87,4135078.558,68757,9316.948948,21,9,6,2,0,113.6494767,34.79146869
48,81,12650901.87,4135078.558,12651901.87,4134078.558,53994,10587.49438,77,1,0,0,0,113.6494767,34.78409108
49,82,12650901.87,4134078.558,12651901.87,4133078.558,62828,9218.044337,58,2,1,1,0,113.6494767,34.77671282
50,83,12650901.87,4133078.558,12651901.87,4132078.558,17216,12709.13062,75,5,5,0,0,113.6494767,34.7693339
51,84,12650901.87,4132078.558,12651901.87,4131078.558,41214,5557.655625,31,3,1,1,1,113.6474563,34.76369245
52,94,12651901.87,4144078.558,12652901.87,4143078.558,5381,2134.405763,8,1,1,0,0,113.6584167,34.84965059
53,95,12651901.87,4143078.558,12652901.87,4142078.558,5341,4611.106125,14,0,0,0,0,113.6584598,34.84309342
54,96,12651901.87,4142078.558,12652901.87,4141078.558,6226,2813.139885,7,3,2,0,0,113.6584598,34.83572044
55,97,12651901.87,4141078.558,12652901.87,4140078.558,12433,5991.175731,16,3,1,2,0,113.6584598,34.8283468
56,98,12651901.87,4140078.558,12652901.87,4139078.558,15550,4599.407952,10,0,0,0,0,113.6584598,34.8209725
57,99,12651901.87,4139078.558,12652901.87,4138078.558,10267,12667.9014,34,9,6,0,3,113.6584598,34.81359753
58,100,12651901.87,4138078.558,12652901.87,4137078.558,16270,6287.409381,23,2,1,1,0,113.6584598,34.80622191
59,101,12651901.87,4137078.558,12652901.87,4136078.558,32700,10221.75274,44,0,0,0,0,113.6584598,34.79884563
60,102,12651901.87,4136078.558,12652901.87,4135078.558,48306,10538.87747,39,2,2,0,0,113.6584598,34.79146869
61,103,12651901.87,4135078.558,12652901.87,4134078.558,36289,12160.1053,62,1,1,0,0,113.6584598,34.78409108
62,104,12651901.87,4134078.558,12652901.87,4133078.558,49483,13892.54541,89,7,5,2,0,113.6584598,34.77671282
63,105,12651901.87,4133078.558,12652901.87,4132078.558,51529,13087.87541,92,1,0,0,0,113.6584598,34.7693339
64,106,12651901.87,4132078.558,12652901.87,4131078.558,18359,6877.702282,46,0,0,0,0,113.6604529,34.76360395
65,116,12652901.87,4144078.558,12653901.87,4143078.558,5152,5371.635777,18,0,0,0,0,113.6675565,34.84962331
66,117,12652901.87,4143078.558,12653901.87,4142078.558,6226,1373.776228,6,0,0,0,0,113.667443,34.84309342
67,118,12652901.87,4142078.558,12653901.87,4141078.558,6226,1183.007179,2,4,3,1,0,113.667443,34.83572044
68,119,12652901.87,4141078.558,12653901.87,4140078.558,6226,4285.680896,8,3,3,0,0,113.667443,34.8283468
69,120,12652901.87,4140078.558,12653901.87,4139078.558,6226,2315.407068,4,6,4,1,0,113.667443,34.8209725
70,121,12652901.87,4139078.558,12653901.87,4138078.558,6226,8169.33421,20,3,2,0,0,113.667443,34.81359753
71,122,12652901.87,4138078.558,12653901.87,4137078.558,10267,3362.78897,15,5,2,1,0,113.667443,34.80622191
72,123,12652901.87,4137078.558,12653901.87,4136078.558,14734,5796.752012,20,0,0,0,0,113.667443,34.79884563
73,124,12652901.87,4136078.558,12653901.87,4135078.558,13777,8879.431023,34,2,1,0,1,113.667443,34.79146869
74,125,12652901.87,4135078.558,12653901.87,4134078.558,10855,14452.75282,110,2,1,1,0,113.667443,34.78409108
75,126,12652901.87,4134078.558,12653901.87,4133078.558,14805,11065.18261,72,12,7,5,0,113.667443,34.77671282
76,127,12652901.87,4133078.558,12653901.87,4132078.558,27010,11830.33144,65,2,1,1,0,113.667443,34.7693339
77,128,12652901.87,4132078.558,12653901.87,4131078.558,23725,12521.09642,88,11,7,0,2,113.6675704,34.76210442
78,129,12652901.87,4131078.558,12653901.87,4130078.558,42446,816.4086564,12,0,0,0,0,113.6706268,34.75797176
79,137,12653901.87,4145078.558,12654901.87,4144078.558,5457,51.13140544,3,0,0,0,0,113.6776071,34.85471365
80,138,12653901.87,4144078.558,12654901.87,4143078.558,5457,7208.368379,28,0,0,0,0,113.6764512,34.85044415
81,139,12653901.87,4143078.558,12654901.87,4142078.558,6226,4505.456409,12,1,1,0,0,113.6764261,34.84309342
82,140,12653901.87,4142078.558,12654901.87,4141078.558,6226,3388.29058,11,2,1,0,0,113.6764261,34.83572044
83,141,12653901.87,4141078.558,12654901.87,4140078.558,10843,4675.649763,8,1,1,0,0,113.6764261,34.8283468
84,142,12653901.87,4140078.558,12654901.87,4139078.558,14734,3950.273374,8,0,0,0,0,113.6764261,34.8209725
85,143,12653901.87,4139078.558,12654901.87,4138078.558,14503,10503.37559,38,2,2,0,0,113.6764261,34.81359753
86,144,12653901.87,4138078.558,12654901.87,4137078.558,14772,5245.80381,18,6,5,0,1,113.6764261,34.80622191
87,145,12653901.87,4137078.558,12654901.87,4136078.558,17503,5756.700596,15,6,6,0,0,113.6764261,34.79884563
88,146,12653901.87,4136078.558,12654901.87,4135078.558,12342,6662.028337,30,1,1,0,0,113.6764261,34.79146869
89,147,12653901.87,4135078.558,12654901.87,4134078.558,11734,14945.32505,88,3,2,0,0,113.6764261,34.78409108
90,148,12653901.87,4134078.558,12654901.87,4133078.558,14335,15729.98801,111,6,2,2,2,113.6764261,34.77671282
91,149,12653901.87,4133078.558,12654901.87,4132078.558,27340,12662.3563,71,7,5,0,2,113.6764261,34.7693339
92,150,12653901.87,4132078.558,12654901.87,4131078.558,23800,17184.09504,115,37,19,10,5,113.6764261,34.76195432
93,151,12653901.87,4131078.558,12654901.87,4130078.558,12398,2686.856574,25,5,3,1,0,113.6772253,34.75723375
94,159,12654901.87,4145078.558,12655901.87,4144078.558,6226,280.1352918,6,0,0,0,0,113.685898,34.85495847
95,160,12654901.87,4144078.558,12655901.87,4143078.558,6226,7643.660034,19,1,1,0,0,113.6854093,34.85046574
96,161,12654901.87,4143078.558,12655901.87,4142078.558,6226,6896.519696,22,1,1,0,0,113.6854093,34.84309342
97,162,12654901.87,4142078.558,12655901.87,4141078.558,6226,4503.048345,17,1,1,0,0,113.6854093,34.83572044
98,163,12654901.87,4141078.558,12655901.87,4140078.558,14161,7184.780778,16,1,1,0,0,113.6854093,34.8283468
99,164,12654901.87,4140078.558,12655901.87,4139078.558,29633,4268.914519,14,0,0,0,0,113.6854093,34.8209725
100,165,12654901.87,4139078.558,12655901.87,4138078.558,46336,7324.660936,18,2,2,0,0,113.6854093,34.81359753
101,166,12654901.87,4138078.558,12655901.87,4137078.558,46336,3435.281352,5,4,3,0,0,113.6854093,34.80622191
102,167,12654901.87,4137078.558,12655901.87,4136078.558,45433,6134.279535,23,38,20,8,6,113.6854093,34.79884563
103,168,12654901.87,4136078.558,12655901.87,4135078.558,11734,4941.664692,12,31,17,8,2,113.6854093,34.79146869
104,169,12654901.87,4135078.558,12655901.87,4134078.558,11734,20070.19946,124,6,6,0,0,113.6854093,34.78409108
105,170,12654901.87,4134078.558,12655901.87,4133078.558,12868,13614.96767,81,3,3,0,0,113.6854093,34.77671282
106,171,12654901.87,4133078.558,12655901.87,4132078.558,19689,12314.12442,65,0,0,0,0,113.6854093,34.7693339
107,172,12654901.87,4132078.558,12655901.87,4131078.558,24339,12063.59665,73,22,13,4,3,113.6854093,34.76195432
108,173,12654901.87,4131078.558,12655901.87,4130078.558,10840,6315.084115,43,6,6,0,0,113.6851139,34.75669524
109,181,12655901.87,4145078.558,12656901.87,4144078.558,4991,2043.489402,8,0,0,0,0,113.694527,34.8565969
110,182,12655901.87,4144078.558,12656901.87,4143078.558,6226,9024.419888,18,0,0,0,0,113.6943924,34.85046574
111,183,12655901.87,4143078.558,12656901.87,4142078.558,6226,849.0225897,5,0,0,0,0,113.6943924,34.84309342
112,184,12655901.87,4142078.558,12656901.87,4141078.558,6226,2237.279195,13,0,0,0,0,113.6943924,34.83572044
113,185,12655901.87,4141078.558,12656901.87,4140078.558,6226,6623.143868,19,3,3,0,0,113.6943924,34.8283468
114,186,12655901.87,4140078.558,12656901.87,4139078.558,6226,10562.40824,25,0,0,0,0,113.6943924,34.8209725
115,187,12655901.87,4139078.558,12656901.87,4138078.558,6226,14095.7495,31,0,0,0,0,113.6943924,34.81359753
116,188,12655901.87,4138078.558,12656901.87,4137078.558,46861,10470.41664,24,1,1,0,0,113.6943924,34.80622191
117,189,12655901.87,4137078.558,12656901.87,4136078.558,46861,3531.734463,18,12,7,2,2,113.6943924,34.79884563
118,190,12655901.87,4136078.558,12656901.87,4135078.558,11734,4773.383163,11,3,1,1,0,113.6943924,34.79146869
119,191,12655901.87,4135078.558,12656901.87,4134078.558,11734,15723.77706,97,7,5,2,0,113.6943924,34.78409108
120,192,12655901.87,4134078.558,12656901.87,4133078.558,11734,13073.34208,81,7,5,1,1,113.6943924,34.77671282
121,193,12655901.87,4133078.558,12656901.87,4132078.558,12173,11087.42132,64,4,4,0,0,113.6943924,34.7693339
122,194,12655901.87,4132078.558,12656901.87,4131078.558,21484,16705.05345,114,1,1,0,0,113.6943924,34.76195432
123,195,12655901.87,4131078.558,12656901.87,4130078.558,15796,3348.921409,32,1,0,1,0,113.6958712,34.75669173
124,201,12656901.87,4147078.558,12657901.87,4146078.558,734,0,0,0,0,0,0,113.7069734,34.86934767
125,202,12656901.87,4146078.558,12657901.87,4145078.558,1536,0,0,0,0,0,0,113.7049488,34.86501456
126,203,12656901.87,4145078.558,12657901.87,4144078.558,4852,1816.563716,6,0,0,0,0,113.7036741,34.85756615
127,204,12656901.87,4144078.558,12657901.87,4143078.558,6226,6678.009646,10,0,0,0,0,113.7033756,34.85046574
128,205,12656901.87,4143078.558,12657901.87,4142078.558,6226,1056.905033,2,0,0,0,0,113.7033756,34.84309342
129,206,12656901.87,4142078.558,12657901.87,4141078.558,6226,5911.204825,15,0,0,0,0,113.7033756,34.83572044
130,207,12656901.87,4141078.558,12657901.87,4140078.558,6226,7593.276453,13,0,0,0,0,113.7033756,34.8283468
131,208,12656901.87,4140078.558,12657901.87,4139078.558,6226,3187.071391,16,0,0,0,0,113.7033756,34.8209725
132,209,12656901.87,4139078.558,12657901.87,4138078.558,6226,7609.076998,23,2,2,0,0,113.7033756,34.81359753
133,210,12656901.87,4138078.558,12657901.87,4137078.558,12054,10890.52395,29,3,0,3,0,113.7033756,34.80622191
134,211,12656901.87,4137078.558,12657901.87,4136078.558,12054,12412.30139,27,0,0,0,0,113.7033756,34.79884563
135,212,12656901.87,4136078.558,12657901.87,4135078.558,11734,12291.63368,40,4,1,0,3,113.7033756,34.79146869
136,213,12656901.87,4135078.558,12657901.87,4134078.558,11734,20653.4192,89,11,7,3,0,113.7033756,34.78409108
137,214,12656901.87,4134078.558,12657901.87,4133078.558,11734,18246.92393,89,2,0,2,0,113.7033756,34.77671282
138,215,12656901.87,4133078.558,12657901.87,4132078.558,11734,12588.3304,85,5,4,0,0,113.7033756,34.7693339
139,216,12656901.87,4132078.558,12657901.87,4131078.558,11734,18970.44681,112,10,6,2,0,113.7033756,34.76195432
140,217,12656901.87,4131078.558,12657901.87,4130078.558,25827,9496.860095,68,7,3,2,1,113.7037967,34.75524771
141,218,12656901.87,4130078.558,12657901.87,4129078.558,6165,4898.538627,25,0,0,0,0,113.7059306,34.7468327
142,219,12656901.87,4129078.558,12657901.87,4128078.558,6165,2642.893124,22,0,0,0,0,113.7050791,34.74215679
143,223,12657901.87,4147078.558,12658901.87,4146078.558,734,0,0,0,0,0,0,113.7119384,34.86957508
144,224,12657901.87,4146078.558,12658901.87,4145078.558,734,0,0,0,0,0,0,113.7123587,34.8652084
145,225,12657901.87,4145078.558,12658901.87,4144078.558,4441,3009.381338,17,0,0,0,0,113.7123587,34.8578374
146,226,12657901.87,4144078.558,12658901.87,4143078.558,6226,5046.663602,8,0,0,0,0,113.7123587,34.85046574
147,227,12657901.87,4143078.558,12658901.87,4142078.558,6226,3113.569181,9,0,0,0,0,113.7123587,34.84309342
148,228,12657901.87,4142078.558,12658901.87,4141078.558,6226,6563.263367,14,0,0,0,0,113.7123587,34.83572044
149,229,12657901.87,4141078.558,12658901.87,4140078.558,6226,6208.582453,8,0,0,0,0,113.7123587,34.8283468
150,230,12657901.87,4140078.558,12658901.87,4139078.558,6226,0,0,0,0,0,0,113.7123587,34.8209725
151,231,12657901.87,4139078.558,12658901.87,4138078.558,6226,1024.183701,2,0,0,0,0,113.7123587,34.81359753
152,232,12657901.87,4138078.558,12658901.87,4137078.558,6698,5992.698382,16,0,0,0,0,113.7123587,34.80622191
153,233,12657901.87,4137078.558,12658901.87,4136078.558,7545,6935.671066,17,2,1,0,1,113.7123587,34.79884563
154,234,12657901.87,4136078.558,12658901.87,4135078.558,7247,6888.922863,24,0,0,0,0,113.7123587,34.79146869
155,235,12657901.87,4135078.558,12658901.87,4134078.558,6951,9638.520397,27,12,10,1,0,113.7123587,34.78409108
156,236,12657901.87,4134078.558,12658901.87,4133078.558,6654,14960.77388,71,5,4,0,1,113.7123587,34.77671282
157,237,12657901.87,4133078.558,12658901.87,4132078.558,6357,20766.37633,101,19,9,5,0,113.7123587,34.7693339
158,238,12657901.87,4132078.558,12658901.87,4131078.558,27274,16366.49102,94,4,4,0,0,113.7123587,34.76195432
159,239,12657901.87,4131078.558,12658901.87,4130078.558,23935,15139.77733,100,4,3,1,0,113.7123587,34.75457408
160,240,12657901.87,4130078.558,12658901.87,4129078.558,23935,14908.62175,76,13,10,1,0,113.7123587,34.74719318
161,241,12657901.87,4129078.558,12658901.87,4128078.558,6165,12237.55554,73,0,0,0,0,113.7135581,34.74064503
162,242,12657901.87,4128078.558,12658901.87,4127078.558,6165,1653.361661,9,0,0,0,0,113.7154526,34.73469846
163,245,12658901.87,4147078.558,12659901.87,4146078.558,292,0,0,0,0,0,0,113.7199866,34.8692
164,246,12658901.87,4146078.558,12659901.87,4145078.558,292,349.6811057,2,0,0,0,0,113.7213419,34.8652084
165,247,12658901.87,4145078.558,12659901.87,4144078.558,4108,6197.385135,24,0,0,0,0,113.7213419,34.8578374
166,248,12658901.87,4144078.558,12659901.87,4143078.558,6148,3193.710645,6,0,0,0,0,113.7213419,34.85046574
167,249,12658901.87,4143078.558,12659901.87,4142078.558,6226,6014.420888,10,0,0,0,0,113.7213419,34.84309342
168,250,12658901.87,4142078.558,12659901.87,4141078.558,6226,3736.378129,9,0,0,0,0,113.7213419,34.83572044
169,251,12658901.87,4141078.558,12659901.87,4140078.558,6164,5346.619676,7,0,0,0,0,113.7213419,34.8283468
170,252,12658901.87,4140078.558,12659901.87,4139078.558,6037,401.7172056,1,0,0,0,0,113.7213419,34.8209725
171,253,12658901.87,4139078.558,12659901.87,4138078.558,5844,5476.798512,13,0,0,0,0,113.7213419,34.81359753
172,254,12658901.87,4138078.558,12659901.87,4137078.558,5414,7977.254237,30,0,0,0,0,113.7213419,34.80622191
173,255,12658901.87,4137078.558,12659901.87,4136078.558,5414,6446.484107,12,0,0,0,0,113.7213419,34.79884563
174,256,12658901.87,4136078.558,12659901.87,4135078.558,5414,6688.213029,17,17,4,4,7,113.7213419,34.79146869
175,257,12658901.87,4135078.558,12659901.87,4134078.558,5414,7302.825923,26,0,0,0,0,113.7213419,34.78409108
176,258,12658901.87,4134078.558,12659901.87,4133078.558,5414,15043.5179,85,2,2,0,0,113.7213419,34.77671282
177,259,12658901.87,4133078.558,12659901.87,4132078.558,5414,17857.54672,85,8,5,1,1,113.7213419,34.7693339
178,260,12658901.87,4132078.558,12659901.87,4131078.558,15118,20499.34968,120,15,6,5,2,113.7213419,34.76195432
179,261,12658901.87,4131078.558,12659901.87,4130078.558,19601,16935.9597,95,11,8,2,0,113.7213419,34.75457408
180,262,12658901.87,4130078.558,12659901.87,4129078.558,19601,19192.31596,95,3,2,1,0,113.7213419,34.74719318
181,263,12658901.87,4129078.558,12659901.87,4128078.558,6165,26240.7131,126,1,1,0,0,113.7213419,34.73981162
182,264,12658901.87,4128078.558,12659901.87,4127078.558,6165,4781.067143,35,0,0,0,0,113.720426,34.73493325
183,267,12659901.87,4147078.558,12660901.87,4146078.558,292,0,0,0,0,0,0,113.7259787,34.86890794
184,268,12659901.87,4146078.558,12660901.87,4145078.558,292,0,0,0,0,0,0,113.7302354,34.86501655
185,269,12659901.87,4145078.558,12660901.87,4144078.558,297,1772.147956,5,0,0,0,0,113.730325,34.8578374
186,270,12659901.87,4144078.558,12660901.87,4143078.558,3581,3163.01122,8,0,0,0,0,113.730325,34.85046574
187,271,12659901.87,4143078.558,12660901.87,4142078.558,6226,6402.270446,11,0,0,0,0,113.730325,34.84309342
188,272,12659901.87,4142078.558,12660901.87,4141078.558,6226,4386.332843,17,0,0,0,0,113.730325,34.83572044
189,273,12659901.87,4141078.558,12660901.87,4140078.558,5930,8014.775844,19,0,0,0,0,113.730325,34.8283468
190,274,12659901.87,4140078.558,12660901.87,4139078.558,5414,2909.965022,6,0,0,0,0,113.730325,34.8209725
191,275,12659901.87,4139078.558,12660901.87,4138078.558,5414,9459.793976,23,0,0,0,0,113.730325,34.81359753
192,276,12659901.87,4138078.558,12660901.87,4137078.558,5414,11582.00983,45,0,0,0,0,113.730325,34.80622191
193,277,12659901.87,4137078.558,12660901.87,4136078.558,5414,7918.893679,22,0,0,0,0,113.730325,34.79884563
194,278,12659901.87,4136078.558,12660901.87,4135078.558,5414,7451.235493,34,3,1,0,1,113.730325,34.79146869
195,279,12659901.87,4135078.558,12660901.87,4134078.558,5414,6775.125461,17,7,2,2,2,113.730325,34.78409108
196,280,12659901.87,4134078.558,12660901.87,4133078.558,5414,11585.01034,39,13,2,4,4,113.730325,34.77671282
197,281,12659901.87,4133078.558,12660901.87,4132078.558,5414,9520.987125,51,2,0,1,0,113.730325,34.7693339
198,282,12659901.87,4132078.558,12660901.87,4131078.558,5174,7773.773333,26,2,2,0,0,113.730325,34.76195432
199,283,12659901.87,4131078.558,12660901.87,4130078.558,15346,10270.59044,42,7,4,1,1,113.730325,34.75457408
200,284,12659901.87,4130078.558,12660901.87,4129078.558,15346,12907.24055,75,2,2,0,0,113.7289598,34.74770148
201,285,12659901.87,4129078.558,12660901.87,4128078.558,6165,4754.554402,39,0,0,0,0,113.7270697,34.74044324
202,286,12659901.87,4128078.558,12660901.87,4127078.558,6165,0,0,0,0,0,0,113.7264021,34.73587442
203,290,12660901.87,4146078.558,12661901.87,4145078.558,292,0,0,0,0,0,0,113.7393156,34.86481339
204,291,12660901.87,4145078.558,12661901.87,4144078.558,2607,1402.348124,10,0,0,0,0,113.7393082,34.8578374
205,292,12660901.87,4144078.558,12661901.87,4143078.558,5383,3109.619387,9,0,0,0,0,113.7393082,34.85046574
206,293,12660901.87,4143078.558,12661901.87,4142078.558,4739,4470.223196,10,0,0,0,0,113.7393082,34.84309342
207,294,12660901.87,4142078.558,12661901.87,4141078.558,2829,2955.20267,5,0,0,0,0,113.7393082,34.83572044
208,295,12660901.87,4141078.558,12661901.87,4140078.558,3575,5340.437538,16,0,0,0,0,113.7393082,34.8283468
209,296,12660901.87,4140078.558,12661901.87,4139078.558,5414,3589.921635,12,0,0,0,0,113.7393082,34.8209725
210,297,12660901.87,4139078.558,12661901.87,4138078.558,3961,981.0906297,6,0,0,0,0,113.7393082,34.81359753
211,298,12660901.87,4138078.558,12661901.87,4137078.558,5414,8055.122206,20,0,0,0,0,113.7393082,34.80622191
212,299,12660901.87,4137078.558,12661901.87,4136078.558,5414,6975.231143,10,0,0,0,0,113.7393082,34.79884563
213,300,12660901.87,4136078.558,12661901.87,4135078.558,5414,7223.076917,19,4,1,1,1,113.7393082,34.79146869
214,301,12660901.87,4135078.558,12661901.87,4134078.558,5414,6432.179334,11,0,0,0,0,113.7393082,34.78409108
215,302,12660901.87,4134078.558,12661901.87,4133078.558,5414,5764.566669,18,4,2,0,2,113.7393082,34.77671282
216,303,12660901.87,4133078.558,12661901.87,4132078.558,5254,8296.861183,27,0,0,0,0,113.7393082,34.7693339
217,304,12660901.87,4132078.558,12661901.87,4131078.558,7481,9598.276023,30,7,6,1,0,113.7393082,34.76195432
218,305,12660901.87,4131078.558,12661901.87,4130078.558,12525,4209.503431,10,14,10,0,3,113.7388531,34.75551229
219,306,12660901.87,4130078.558,12661901.87,4129078.558,12525,0,0,0,0,0,0,113.7348965,34.75083384
220,312,12661901.87,4146078.558,12662901.87,4145078.558,292,0,0,0,0,0,0,113.7482973,34.86505692
221,313,12661901.87,4145078.558,12662901.87,4144078.558,2827,0,0,0,0,0,0,113.7482913,34.8578374
222,314,12661901.87,4144078.558,12662901.87,4143078.558,4657,2991.16716,4,0,0,0,0,113.7482913,34.85046574
223,315,12661901.87,4143078.558,12662901.87,4142078.558,3402,4508.556296,6,0,0,0,0,113.7482913,34.84309342
224,316,12661901.87,4142078.558,12662901.87,4141078.558,1989,1260.318478,4,0,0,0,0,113.7482913,34.83572044
225,317,12661901.87,4141078.558,12662901.87,4140078.558,2493,4557.662284,11,0,0,0,0,113.7482913,34.8283468
226,318,12661901.87,4140078.558,12662901.87,4139078.558,3961,6474.199831,11,0,0,0,0,113.7482913,34.8209725
227,319,12661901.87,4139078.558,12662901.87,4138078.558,3961,4466.083588,9,0,0,0,0,113.7482913,34.81359753
228,320,12661901.87,4138078.558,12662901.87,4137078.558,5414,3551.051489,9,0,0,0,0,113.7482913,34.80622191
229,321,12661901.87,4137078.558,12662901.87,4136078.558,5414,4073.717314,15,2,0,2,0,113.7482913,34.79884563
230,322,12661901.87,4136078.558,12662901.87,4135078.558,5414,4585.832696,8,7,4,1,2,113.7482913,34.79146869
231,323,12661901.87,4135078.558,12662901.87,4134078.558,5414,5274.309077,8,1,0,0,1,113.7482913,34.78409108
232,324,12661901.87,4134078.558,12662901.87,4133078.558,5414,6498.007904,19,0,0,0,0,113.7482913,34.77671282
233,325,12661901.87,4133078.558,12662901.87,4132078.558,4831,8895.602852,21,1,0,0,0,113.7482913,34.7693339
234,326,12661901.87,4132078.558,12662901.87,4131078.558,7365,7694.76749,31,2,2,0,0,113.7482913,34.76195432
235,327,12661901.87,4131078.558,12662901.87,4130078.558,8116,3300.234661,14,0,0,0,0,113.7479914,34.75687159
236,334,12662901.87,4146078.558,12663901.87,4145078.558,292,3432.450989,11,0,0,0,0,113.757264,34.86505854
237,335,12662901.87,4145078.558,12663901.87,4144078.558,1187,534.8847536,1,0,0,0,0,113.7572745,34.8578374
238,336,12662901.87,4144078.558,12663901.87,4143078.558,1989,4902.186904,10,0,0,0,0,113.7572745,34.85046574
239,337,12662901.87,4143078.558,12663901.87,4142078.558,1989,3559.183138,7,0,0,0,0,113.7572745,34.84309342
240,338,12662901.87,4142078.558,12663901.87,4141078.558,1989,2054.184131,6,0,0,0,0,113.7572745,34.83572044
241,339,12662901.87,4141078.558,12663901.87,4140078.558,1989,2885.436296,14,0,0,0,0,113.7572745,34.8283468
242,340,12662901.87,4140078.558,12663901.87,4139078.558,2546,5773.405064,10,0,0,0,0,113.7572745,34.8209725
243,341,12662901.87,4139078.558,12663901.87,4138078.558,2546,5907.078104,11,0,0,0,0,113.7572745,34.81359753
244,342,12662901.87,4138078.558,12663901.87,4137078.558,4622,6024.760633,27,0,0,0,0,113.7572745,34.80622191
245,343,12662901.87,4137078.558,12663901.87,4136078.558,5414,13264.46704,53,0,0,0,0,113.7572745,34.79884563
246,344,12662901.87,4136078.558,12663901.87,4135078.558,5414,3354.659429,16,6,4,0,1,113.7572745,34.79146869
247,345,12662901.87,4135078.558,12663901.87,4134078.558,5414,4457.276455,12,0,0,0,0,113.7572745,34.78409108
248,346,12662901.87,4134078.558,12663901.87,4133078.558,5414,5831.566727,12,1,1,0,0,113.7572745,34.77671282
249,347,12662901.87,4133078.558,12663901.87,4132078.558,4405,10922.70252,26,2,1,0,0,113.7572745,34.7693339
250,348,12662901.87,4132078.558,12663901.87,4131078.558,5510,3609.316734,17,2,1,0,1,113.7567086,34.76330153
251,349,12662901.87,4131078.558,12663901.87,4130078.558,7361,209.0057707,3,0,0,0,0,113.753273,34.75724319
252,356,12663901.87,4146078.558,12664901.87,4145078.558,292,7932.97499,21,0,0,0,0,113.7658585,34.86445919
253,357,12663901.87,4145078.558,12664901.87,4144078.558,1136,4061.110172,13,0,0,0,0,113.7662576,34.8578374
254,358,12663901.87,4144078.558,12664901.87,4143078.558,1989,2768.202488,10,0,0,0,0,113.7662576,34.85046574
255,359,12663901.87,4143078.558,12664901.87,4142078.558,1989,3730.354384,5,0,0,0,0,113.7662576,34.84309342
256,360,12663901.87,4142078.558,12664901.87,4141078.558,1989,2071.263004,3,0,0,0,0,113.7662576,34.83572044
257,361,12663901.87,4141078.558,12664901.87,4140078.558,1989,4287.640645,10,0,0,0,0,113.7662576,34.8283468
258,362,12663901.87,4140078.558,12664901.87,4139078.558,1989,1085.267504,4,0,0,0,0,113.7662576,34.8209725
259,363,12663901.87,4139078.558,12664901.87,4138078.558,1989,3885.823468,11,0,0,0,0,113.7662576,34.81359753
260,364,12663901.87,4138078.558,12664901.87,4137078.558,2392,4642.186398,13,0,0,0,0,113.7662576,34.80622191
261,365,12663901.87,4137078.558,12664901.87,4136078.558,5413,8497.818206,49,0,0,0,0,113.7662576,34.79884563
262,366,12663901.87,4136078.558,12664901.87,4135078.558,5309,3747.551413,15,0,0,0,0,113.7662576,34.79146869
263,367,12663901.87,4135078.558,12664901.87,4134078.558,5410,5979.582382,13,0,0,0,0,113.7662576,34.78409108
264,368,12663901.87,4134078.558,12664901.87,4133078.558,5270,6536.097925,10,1,0,1,0,113.7662576,34.77671282
265,369,12663901.87,4133078.558,12664901.87,4132078.558,4126,10084.3021,30,2,1,0,0,113.7662576,34.7693339
266,370,12663901.87,4132078.558,12664901.87,4131078.558,4120,12108.98274,51,10,5,2,3,113.7666259,34.76313469
267,378,12664901.87,4146078.558,12665901.87,4145078.558,1085,694.1015161,5,0,0,0,0,113.7747096,34.86266383
268,379,12664901.87,4145078.558,12665901.87,4144078.558,1085,998.4870399,7,0,0,0,0,113.7752408,34.8578374
269,380,12664901.87,4144078.558,12665901.87,4143078.558,1989,7118.429986,20,0,0,0,0,113.7752408,34.85046574
270,381,12664901.87,4143078.558,12665901.87,4142078.558,1989,6257.387269,20,0,0,0,0,113.7752408,34.84309342
271,382,12664901.87,4142078.558,12665901.87,4141078.558,1989,6644.764709,19,0,0,0,0,113.7752408,34.83572044
272,383,12664901.87,4141078.558,12665901.87,4140078.558,1989,10505.245,37,0,0,0,0,113.7752408,34.8283468
273,384,12664901.87,4140078.558,12665901.87,4139078.558,1989,5339.524893,18,0,0,0,0,113.7752408,34.8209725
274,385,12664901.87,4139078.558,12665901.87,4138078.558,1989,7694.74685,17,0,0,0,0,113.7752408,34.81359753
275,386,12664901.87,4138078.558,12665901.87,4137078.558,2004,6686.339283,16,0,0,0,0,113.7752408,34.80622191
276,387,12664901.87,4137078.558,12665901.87,4136078.558,2049,15113.61158,57,1,1,0,0,113.7752408,34.79884563
277,388,12664901.87,4136078.558,12665901.87,4135078.558,1989,9857.805864,22,2,1,1,0,113.7752408,34.79146869
278,389,12664901.87,4135078.558,12665901.87,4134078.558,5280,8352.984954,28,18,11,5,0,113.7752408,34.78409108
279,390,12664901.87,4134078.558,12665901.87,4133078.558,4861,6305.48761,14,12,5,3,3,113.7752408,34.77671282
280,391,12664901.87,4133078.558,12665901.87,4132078.558,4120,9710.922769,44,1,1,0,0,113.7752408,34.7693339
281,392,12664901.87,4132078.558,12665901.87,4131078.558,4120,12053.40314,37,6,4,1,0,113.7752931,34.76199454
282,393,12664901.87,4131078.558,12665901.87,4130078.558,5307,7017.205693,21,0,0,0,0,113.7760107,34.75647943
283,400,12665901.87,4146078.558,12666901.87,4145078.558,292,925.771484,2,0,0,0,0,113.7846474,34.86305251
284,401,12665901.87,4145078.558,12666901.87,4144078.558,798,1286.833643,3,0,0,0,0,113.7842239,34.8578374
285,402,12665901.87,4144078.558,12666901.87,4143078.558,1378,329.8492711,1,0,0,0,0,113.7842239,34.85046574
286,403,12665901.87,4143078.558,12666901.87,4142078.558,1297,0,0,0,0,0,0,113.7842239,34.84309342
287,404,12665901.87,4142078.558,12666901.87,4141078.558,1408,827.7182564,3,0,0,0,0,113.7842239,34.83572044
288,405,12665901.87,4141078.558,12666901.87,4140078.558,1989,1643.569951,4,0,0,0,0,113.7842239,34.8283468
289,406,12665901.87,4140078.558,12666901.87,4139078.558,1989,3291.589501,5,0,0,0,0,113.7842239,34.8209725
290,407,12665901.87,4139078.558,12666901.87,4138078.558,1989,6937.637536,11,0,0,0,0,113.7842239,34.81359753
291,408,12665901.87,4138078.558,12666901.87,4137078.558,1989,7429.431718,17,0,0,0,0,113.7842239,34.80622191
292,409,12665901.87,4137078.558,12666901.87,4136078.558,1989,6774.625111,27,0,0,0,0,113.7842239,34.79884563
293,410,12665901.87,4136078.558,12666901.87,4135078.558,1989,8232.668853,32,0,0,0,0,113.7842239,34.79146869
294,411,12665901.87,4135078.558,12666901.87,4134078.558,1989,6096.945612,21,0,0,0,0,113.7842239,34.78409108
295,412,12665901.87,4134078.558,12666901.87,4133078.558,2962,6975.321898,23,1,1,0,0,113.7842239,34.77671282
296,413,12665901.87,4133078.558,12666901.87,4132078.558,3048,6490.543092,11,0,0,0,0,113.7842239,34.7693339
297,414,12665901.87,4132078.558,12666901.87,4131078.558,4120,1937.293406,9,1,1,0,0,113.7819235,34.76282712
298,415,12665901.87,4131078.558,12666901.87,4130078.558,5621,651.1139512,6,0,0,0,0,113.7803495,34.75669157
299,419,12666901.87,4149078.558,12667901.87,4148078.558,292,0,0,0,0,0,0,113.7939703,34.88698225
300,420,12666901.87,4148078.558,12667901.87,4147078.558,292,953.883739,2,0,0,0,0,113.7938061,34.88000093
301,421,12666901.87,4147078.558,12667901.87,4146078.558,292,478.0603353,1,0,0,0,0,113.7963142,34.87309121
302,422,12666901.87,4146078.558,12667901.87,4145078.558,292,0,0,0,0,0,0,113.7937999,34.86445521
303,423,12666901.87,4145078.558,12667901.87,4144078.558,292,2141.447567,7,0,0,0,0,113.7932071,34.8578374
304,424,12666901.87,4144078.558,12667901.87,4143078.558,292,842.6698686,1,0,0,0,0,113.7932071,34.85046574
305,425,12666901.87,4143078.558,12667901.87,4142078.558,292,876.638947,2,0,0,0,0,113.7932071,34.84309342
306,426,12666901.87,4142078.558,12667901.87,4141078.558,292,1675.296217,4,0,0,0,0,113.7932071,34.83572044
307,427,12666901.87,4141078.558,12667901.87,4140078.558,292,1643.691866,4,0,0,0,0,113.7932071,34.8283468
308,428,12666901.87,4140078.558,12667901.87,4139078.558,393,1907.02708,5,0,0,0,0,113.7932071,34.8209725
309,429,12666901.87,4139078.558,12667901.87,4138078.558,393,6451.271436,12,0,0,0,0,113.7932071,34.81359753
310,430,12666901.87,4138078.558,12667901.87,4137078.558,1989,5433.490944,12,0,0,0,0,113.7932071,34.80622191
311,431,12666901.87,4137078.558,12667901.87,4136078.558,1989,6435.440568,18,0,0,0,0,113.7932071,34.79884563
312,432,12666901.87,4136078.558,12667901.87,4135078.558,1989,4931.090401,16,0,0,0,0,113.7932071,34.79146869
313,433,12666901.87,4135078.558,12667901.87,4134078.558,1989,7008.669415,23,0,0,0,0,113.7932071,34.78409108
314,434,12666901.87,4134078.558,12667901.87,4133078.558,1989,7986.469093,27,0,0,0,0,113.7932071,34.77671282
315,435,12666901.87,4133078.558,12667901.87,4132078.558,1989,2987.483892,14,0,0,0,0,113.793026,34.7695356
316,436,12666901.87,4132078.558,12667901.87,4131078.558,4629,0,0,0,0,0,0,113.7899715,34.76536216
317,441,12667901.87,4149078.558,12668901.87,4148078.558,292,0,0,0,0,0,0,113.8019916,34.88644065
318,442,12667901.87,4148078.558,12668901.87,4147078.558,292,928.1772983,3,0,0,0,0,113.8021903,34.87994842
319,443,12667901.87,4147078.558,12668901.87,4146078.558,292,2015.098587,3,0,0,0,0,113.8021903,34.87257874
320,444,12667901.87,4146078.558,12668901.87,4145078.558,292,2333.280653,4,0,0,0,0,113.8021903,34.8652084
321,445,12667901.87,4145078.558,12668901.87,4144078.558,292,2780.725862,8,0,0,0,0,113.8021903,34.8578374
322,446,12667901.87,4144078.558,12668901.87,4143078.558,292,865.2066811,4,0,0,0,0,113.8021903,34.85046574
323,447,12667901.87,4143078.558,12668901.87,4142078.558,292,1038.450834,3,0,0,0,0,113.8021903,34.84309342
324,448,12667901.87,4142078.558,12668901.87,4141078.558,292,1656.273754,4,0,0,0,0,113.8021903,34.83572044
325,449,12667901.87,4141078.558,12668901.87,4140078.558,292,3340.791632,13,4,3,1,0,113.8021903,34.8283468
326,450,12667901.87,4140078.558,12668901.87,4139078.558,341,2714.248946,8,1,0,1,0,113.8021903,34.8209725
327,451,12667901.87,4139078.558,12668901.87,4138078.558,341,7530.433703,20,7,6,1,0,113.8021903,34.81359753
328,452,12667901.87,4138078.558,12668901.87,4137078.558,1989,4603.323873,8,0,0,0,0,113.8021903,34.80622191
329,453,12667901.87,4137078.558,12668901.87,4136078.558,1989,5543.526766,17,0,0,0,0,113.8021903,34.79884563
330,454,12667901.87,4136078.558,12668901.87,4135078.558,1989,5400.421839,10,0,0,0,0,113.8021903,34.79146869
331,455,12667901.87,4135078.558,12668901.87,4134078.558,1989,9070.815301,39,0,0,0,0,113.8021903,34.78409108
332,456,12667901.87,4134078.558,12668901.87,4133078.558,1989,9412.443845,21,0,0,0,0,113.8021903,34.77671282
333,457,12667901.87,4133078.558,12668901.87,4132078.558,1989,2493.623955,6,0,0,0,0,113.8016231,34.77091997
334,463,12668901.87,4149078.558,12669901.87,4148078.558,292,900.2833963,2,0,0,0,0,113.810989,34.88577763
335,464,12668901.87,4148078.558,12669901.87,4147078.558,292,2187.316183,3,0,0,0,0,113.8111734,34.87994842
336,465,12668901.87,4147078.558,12669901.87,4146078.558,292,1910.754384,5,0,0,0,0,113.8111734,34.87257874
337,466,12668901.87,4146078.558,12669901.87,4145078.558,292,1742.40747,7,0,0,0,0,113.8111734,34.8652084
338,467,12668901.87,4145078.558,12669901.87,4144078.558,292,878.939026,5,0,0,0,0,113.8111734,34.8578374
339,468,12668901.87,4144078.558,12669901.87,4143078.558,292,3726.203317,12,0,0,0,0,113.8111734,34.85046574
340,469,12668901.87,4143078.558,12669901.87,4142078.558,292,1848.608303,6,0,0,0,0,113.8111734,34.84309342
341,470,12668901.87,4142078.558,12669901.87,4141078.558,292,390.4337625,1,0,0,0,0,113.8111734,34.83572044
342,471,12668901.87,4141078.558,12669901.87,4140078.558,292,5249.262564,20,0,0,0,0,113.8111734,34.8283468
343,472,12668901.87,4140078.558,12669901.87,4139078.558,297,1991.805487,4,1,1,0,0,113.8111734,34.8209725
344,473,12668901.87,4139078.558,12669901.87,4138078.558,297,4938.873626,10,2,2,0,0,113.8111734,34.81359753
345,474,12668901.87,4138078.558,12669901.87,4137078.558,986,4240.659256,13,0,0,0,0,113.8111734,34.80622191
346,475,12668901.87,4137078.558,12669901.87,4136078.558,1915,1961.425901,6,11,7,2,1,113.8111734,34.79884563
347,476,12668901.87,4136078.558,12669901.87,4135078.558,1989,8338.922659,34,0,0,0,0,113.8111734,34.79146869
348,477,12668901.87,4135078.558,12669901.87,4134078.558,1989,6622.253574,21,0,0,0,0,113.8111734,34.78409108
349,478,12668901.87,4134078.558,12669901.87,4133078.558,1989,8092.281501,25,0,0,0,0,113.8111734,34.77671282
350,479,12668901.87,4133078.558,12669901.87,4132078.558,1989,5232.818271,16,0,0,0,0,113.8121389,34.77002358
351,480,12668901.87,4132078.558,12669901.87,4131078.558,3464,2099.133141,11,0,0,0,0,113.8133926,34.76311666
352,485,12669901.87,4149078.558,12670901.87,4148078.558,292,0,0,0,0,0,0,113.8198036,34.88517382
353,486,12669901.87,4148078.558,12670901.87,4147078.558,292,586.3971603,2,0,0,0,0,113.8201566,34.87994842
354,487,12669901.87,4147078.558,12670901.87,4146078.558,292,2891.430685,4,0,0,0,0,113.8201566,34.87257874
355,488,12669901.87,4146078.558,12670901.87,4145078.558,292,303.8635601,1,0,0,0,0,113.8201566,34.8652084
356,489,12669901.87,4145078.558,12670901.87,4144078.558,292,963.8215353,3,0,0,0,0,113.8201566,34.8578374
357,490,12669901.87,4144078.558,12670901.87,4143078.558,292,3572.451704,12,0,0,0,0,113.8201566,34.85046574
358,491,12669901.87,4143078.558,12670901.87,4142078.558,292,874.8483467,4,0,0,0,0,113.8201566,34.84309342
359,492,12669901.87,4142078.558,12670901.87,4141078.558,292,2331.227653,3,0,0,0,0,113.8201566,34.83572044
360,493,12669901.87,4141078.558,12670901.87,4140078.558,292,9171.242453,20,0,0,0,0,113.8201566,34.8283468
361,494,12669901.87,4140078.558,12670901.87,4139078.558,292,2325.981118,6,0,0,0,0,113.8201566,34.8209725
362,495,12669901.87,4139078.558,12670901.87,4138078.558,292,2117.937124,8,0,0,0,0,113.8201566,34.81359753
363,496,12669901.87,4138078.558,12670901.87,4137078.558,292,7118.141968,22,1,1,0,0,113.8201566,34.80622191
364,497,12669901.87,4137078.558,12670901.87,4136078.558,1827,4982.286927,12,1,1,0,0,113.8201566,34.79884563
365,498,12669901.87,4136078.558,12670901.87,4135078.558,1989,5093.592568,16,0,0,0,0,113.8201566,34.79146869
366,499,12669901.87,4135078.558,12670901.87,4134078.558,1989,8817.496989,33,0,0,0,0,113.8201566,34.78409108
367,500,12669901.87,4134078.558,12670901.87,4133078.558,1989,8677.796439,44,0,0,0,0,113.8201566,34.77671282
368,501,12669901.87,4133078.558,12670901.87,4132078.558,1989,2717.614871,14,1,1,0,0,113.8201566,34.7693339
369,502,12669901.87,4132078.558,12670901.87,4131078.558,3368,1157.446189,4,0,0,0,0,113.8202684,34.76207106
370,503,12669901.87,4131078.558,12670901.87,4130078.558,4335,0,0,0,0,0,0,113.8229787,34.75778868
371,507,12670901.87,4149078.558,12671901.87,4148078.558,292,0,0,0,0,0,0,113.8288359,34.88465758
372,508,12670901.87,4148078.558,12671901.87,4147078.558,292,848.6620649,1,0,0,0,0,113.8291397,34.87994842
373,509,12670901.87,4147078.558,12671901.87,4146078.558,292,1272.41848,3,0,0,0,0,113.8291397,34.87257874
374,510,12670901.87,4146078.558,12671901.87,4145078.558,292,1626.064918,3,0,0,0,0,113.8291397,34.8652084
375,511,12670901.87,4145078.558,12671901.87,4144078.558,292,87.99941042,2,0,0,0,0,113.8291397,34.8578374
376,512,12670901.87,4144078.558,12671901.87,4143078.558,292,2324.765052,3,0,0,0,0,113.8291397,34.85046574
377,513,12670901.87,4143078.558,12671901.87,4142078.558,292,1529.266261,2,0,0,0,0,113.8291253,34.84310468
378,514,12670901.87,4142078.558,12671901.87,4141078.558,292,2196.588513,4,0,0,0,0,113.8280831,34.83600139
379,515,12670901.87,4141078.558,12671901.87,4140078.558,292,10683.2596,21,0,0,0,0,113.8288184,34.8281083
380,516,12670901.87,4140078.558,12671901.87,4139078.558,292,3776.297836,11,0,0,0,0,113.8291397,34.8209725
381,517,12670901.87,4139078.558,12671901.87,4138078.558,292,1637.984714,6,0,0,0,0,113.8284199,34.81393171
382,518,12670901.87,4138078.558,12671901.87,4137078.558,292,3114.04327,8,0,0,0,0,113.8288941,34.80602691
383,519,12670901.87,4137078.558,12671901.87,4136078.558,1775,1760.623203,7,0,0,0,0,113.8291397,34.79884563
384,520,12670901.87,4136078.558,12671901.87,4135078.558,584,1610.97763,3,0,0,0,0,113.8291397,34.79146869
385,521,12670901.87,4135078.558,12671901.87,4134078.558,1972,1079.064121,4,0,0,0,0,113.8291397,34.78409108
386,522,12670901.87,4134078.558,12671901.87,4133078.558,1989,5974.897425,19,0,0,0,0,113.8291397,34.77671282
387,523,12670901.87,4133078.558,12671901.87,4132078.558,1989,4702.398051,7,0,0,0,0,113.8291397,34.7693339
388,524,12670901.87,4132078.558,12671901.87,4131078.558,3014,3380.947294,7,0,0,0,0,113.8291397,34.76195432
389,525,12670901.87,4131078.558,12671901.87,4130078.558,3014,183.5412441,1,0,0,0,0,113.8302329,34.75522617
390,526,12670901.87,4130078.558,12671901.87,4129078.558,1989,0,0,0,0,0,0,113.8325829,34.75012473
391,529,12671901.87,4149078.558,12672901.87,4148078.558,292,0,0,0,0,0,0,113.8374737,34.88423828
392,530,12671901.87,4148078.558,12672901.87,4147078.558,292,991.0544212,2,0,0,0,0,113.8381229,34.87994842
393,531,12671901.87,4147078.558,12672901.87,4146078.558,292,0,0,0,0,0,0,113.8381229,34.87257874
394,532,12671901.87,4146078.558,12672901.87,4145078.558,292,1344.389163,2,0,0,0,0,113.8381229,34.8652084
395,533,12671901.87,4145078.558,12672901.87,4144078.558,292,1437.379753,2,0,0,0,0,113.838093,34.85786081
396,534,12671901.87,4144078.558,12672901.87,4143078.558,323,285.0998929,4,0,0,0,0,113.8366141,34.85099119
397,535,12671901.87,4143078.558,12672901.87,4142078.558,503,0,0,0,0,0,0,113.8347713,34.84462598
398,537,12671901.87,4141078.558,12672901.87,4140078.558,531,5116.449577,9,0,0,0,0,113.8380662,34.82677689
399,538,12671901.87,4140078.558,12672901.87,4139078.558,545,0,0,0,0,0,0,113.8376084,34.82204123
400,539,12671901.87,4139078.558,12672901.87,4138078.558,545,0,0,0,0,0,0,113.8339041,34.8168843
401,540,12671901.87,4138078.558,12672901.87,4137078.558,616,5.510032916,1,0,0,0,0,113.8347339,34.80403141
402,541,12671901.87,4137078.558,12672901.87,4136078.558,616,751.4697023,4,0,0,0,0,113.8364474,34.79844443
403,542,12671901.87,4136078.558,12672901.87,4135078.558,584,2277.938799,7,0,0,0,0,113.8371678,34.79164566
404,543,12671901.87,4135078.558,12672901.87,4134078.558,1591,1843.703928,4,0,0,0,0,113.8356319,34.78444437
405,544,12671901.87,4134078.558,12672901.87,4133078.558,1989,6808.713996,20,0,0,0,0,113.8375063,34.77592803
406,545,12671901.87,4133078.558,12672901.87,4132078.558,1989,4984.122069,7,0,0,0,0,113.8381063,34.76934642
407,546,12671901.87,4132078.558,12672901.87,4131078.558,1989,4807.051767,8,0,0,0,0,113.8373161,34.76216668
408,547,12671901.87,4131078.558,12672901.87,4130078.558,1989,0,0,0,0,0,0,113.8362311,34.75482773
409,548,12671901.87,4130078.558,12672901.87,4129078.558,1989,0,0,0,0,0,0,113.8350312,34.74981234
410,551,12672901.87,4149078.558,12673901.87,4148078.558,292,0,0,0,0,0,0,113.8441135,34.88383293
411,552,12672901.87,4148078.558,12673901.87,4147078.558,292,1220.693784,2,0,0,0,0,113.8468795,34.87984044
412,553,12672901.87,4147078.558,12673901.87,4146078.558,292,0,0,0,0,0,0,113.847106,34.87257874
413,554,12672901.87,4146078.558,12673901.87,4145078.558,292,840.5566949,1,0,0,0,0,113.8466676,34.86551399
414,555,12672901.87,4145078.558,12673901.87,4144078.558,308,0,0,0,0,0,0,113.8443687,34.85948852
415,559,12672901.87,4141078.558,12673901.87,4140078.558,583,1008.513321,5,0,0,0,0,113.8437792,34.82600283
416,560,12672901.87,4140078.558,12673901.87,4139078.558,583,0,0,0,0,0,0,113.8435694,34.82317507
417,566,12672901.87,4134078.558,12673901.87,4133078.558,1017,289.3489757,4,0,0,0,0,113.8430631,34.77450811
418,567,12672901.87,4133078.558,12673901.87,4132078.558,1017,116.694267,3,0,0,0,0,113.8429434,34.77058539
419,574,12673901.87,4148078.558,12674901.87,4147078.558,292,0,0,0,0,0,0,113.8516113,34.87637819
420,575,12673901.87,4147078.558,12674901.87,4146078.558,292,0,0,0,0,0,0,113.8519151,34.87142706
421,576,12673901.87,4146078.558,12674901.87,4145078.558,292,42.54026508,1,0,0,0,0,113.8518864,34.86784327
