,类别,标题,经度,纬度
0,四星店铺,郑州小龙坎火锅(国贸店),113.6871918,34.78941632
1,三星半店铺,郑州毋米粥开煲（火锅）(农科路店),113.6911038,34.79834146
2,四星店铺,郑州谭鸭血老火锅(东风路政七街店),113.694211,34.80147
3,五星店铺,郑州豆捞坊(国贸360广场店),113.685868,34.79019561
4,四星店铺,郑州胶喜运金汤花胶鸡,113.6887316,34.79343336
5,三星半店铺,郑州老北京涮锅(国贸店),113.6870361,34.79093377
6,三星半店铺,郑州川椒王串串香火锅(国贸360店),113.6869378,34.79081749
7,三星半店铺,郑州渝中味道重庆牛杂火锅(经五路店),113.6837027,34.7836116
8,五星店铺,郑州海底捞火锅(国贸大商新玛特店),113.6875825,34.7913542
9,三星半店铺,郑州潮汕鼎记生鲜牛肉火锅(红专路店),113.686353,34.785586
11,五星店铺,郑州巴奴毛肚火锅(国贸360店),113.685992,34.78968298
12,三星半店铺,郑州围辣串串香(大商新玛特7楼店),113.6717881,34.7616946
15,三星半店铺,郑州火锅轰趴-专业火锅外卖(国贸店),113.6873732,34.79036251
16,四星店铺,郑州黄记煌三汁焖锅(国贸店),113.6873732,34.79036251
19,三星半店铺,郑州围辣串串香(经七路店),113.672361,34.80335502
23,三星半店铺,郑州传世老汤,113.683802,34.79913194
24,四星店铺,郑州小小河边鱼(国贸店),113.686793,34.78929996
25,三星半店铺,郑州鱻煮艺小火锅,113.6852545,34.78864606
26,三星半店铺,郑州暹罗泰式海鲜火锅,113.7240762,34.79059471
28,三星半店铺,郑州舒来喜鱼锅(花园路丹尼斯直营店),113.6869011,34.80177563
29,四星店铺,郑州吉串签子·火锅串串(国贸360店),113.6996698,34.75648054
30,四星半店铺,郑州呷哺呷哺(郑州花园路丹尼斯店),113.6813535,34.76260894
31,三星半店铺,郑州串串一碗香(关虎屯店),113.6971723,34.79097831
32,三星半店铺,郑州重庆鸡公煲(关虎屯店),113.6857827,34.78877161
33,四星半店铺,郑州呷哺呷哺(郑州国贸360餐厅店),113.6869378,34.79081749
36,三星店铺,郑州三合·王婆大虾火锅(国贸关虎屯店),113.6971723,34.79097831
38,三星半店铺,郑州高磊烧烤涮锅,113.6876864,34.78553264
39,三星半店铺,郑州王依鲍汁焖锅(丹尼斯百货店),113.6888638,34.79287732
40,三星半店铺,郑州谢家牛杂煲火锅(红专路店),113.6896585,34.78560476
41,三星半店铺,郑州丸界大牛(花丹店),113.728919,34.77423297
42,四星店铺,郑州寻味源牛杂煲(政六街店),113.6905415,34.78136631
43,三星半店铺,郑州舟友沸腾渔港(大商新玛特店),113.6869446,34.79093614
44,三星半店铺,郑州欢辣青春火锅(金水总店),113.687965,34.79082794
45,三星半店铺,郑州喜虾客(大商新玛特店),113.687253,34.79092843
46,四星半店铺,郑州哥老官重庆美蛙鱼头(大卫城店),113.6725302,34.76326135
47,五星店铺,郑州豆捞坊(大卫城店),113.6723373,34.7638044
48,四星半店铺,郑州集渔泰式海鲜火锅(大卫城店),113.7240762,34.79059471
49,四星半店铺,郑州粤小煲鲜汤猪肚鸡(大卫城店),113.6722609,34.76377066
50,三星半店铺,郑州鸿茂斋(大卫城店),113.6722741,34.76358347
51,五星店铺,郑州巴奴毛肚火锅(大卫城店),113.6721438,34.76296087
52,四星店铺,郑州舒来喜鱼锅(大卫城直营店),113.6728045,34.76440512
53,三星半店铺,郑州永乐串串香,113.6708973,34.761254
54,三星半店铺,郑州转转签串串小火锅(太康路店),113.6703952,34.77574358
55,三星半店铺,郑州吉串签子·火锅串串(太康路360店),113.6703952,34.77574358
56,三星半店铺,郑州黄记煌三汁焖锅(西太康路店),113.673901,34.76279095
57,四星店铺,郑州蛙遇·十三香炭火蛙锅(大卫城店),113.6726662,34.76314651
58,四星店铺,郑州如一鸡鲍鱼(大卫城店),113.6721841,34.7645009
59,五星店铺,郑州巴奴毛肚火锅(二七路店),113.7127762,34.76928872
60,四星店铺,郑州海银海记潮汕特色牛肉火锅(西太康路360广场店),113.6703952,34.77574358
61,四星半店铺,郑州湊湊火锅茶憩(郑州永威木色店),113.7381875,34.7732874
63,四星店铺,郑州潮阿牛生鲜牛肉馆(丹尼斯1天地店),113.7296985,34.77346094
65,五星店铺,郑州巴奴毛肚火锅(金水东路店),113.7520594,34.77087178
66,四星半店铺,郑州小背篓菌汤火锅(外环路店),113.726096,34.78260529
67,四星店铺,郑州众旺四季热带园林餐厅,113.764649,34.77670498
68,五星店铺,郑州巴奴毛肚火锅(六天地店),113.7281785,34.78341615
69,四星店铺,郑州京馆涮(丹尼斯二天地店),113.7283034,34.77457877
70,四星半店铺,郑州云鼎汇砂(丹尼斯1天地店),113.7308526,34.77310957
71,四星店铺,郑州鸿茂斋(CBD店),113.6870342,34.8015637
72,四星店铺,郑州鼎鼎红火锅(商务内环路店),113.72631,34.77916898
73,三星半店铺,郑州金鸿臻养生和牛火锅(楷林中心店),113.7667172,34.77129254
74,三星店铺,郑州天和农场供港蔬菜火锅,113.722213,34.79445895
75,三星半店铺,郑州渔夫壹号,113.7132256,34.78588655
76,四星店铺,郑州呷哺呷哺(郑州七天地丹尼斯店),113.7064389,34.78586587
77,三星店铺,郑州尚牛寿喜烧(丹尼斯一天地店),113.7300108,34.77338021
78,三星店铺,郑州纽西莱火锅,113.770143,34.76718397
80,四星半店铺,郑州海底捞火锅(丹尼斯三天地店),113.7266498,34.77645792
81,四星半店铺,郑州巴四老城区炭火蛙锅(熙地港店),113.7235521,34.79069809
83,三星半店铺,郑州三力火锅,113.6875695,34.84226465
84,四星店铺,郑州杨翔豆皮涮牛肚(丹尼斯百货六天地店),113.7282443,34.78345743
86,三星半店铺,郑州七口辣火锅杯(永威木色店),113.7381875,34.7732874
88,四星店铺,郑州船越鲜鱼捞(丹尼斯六天地店),113.7274597,34.78265851
89,三星半店铺,郑州味艺养生火锅(丹尼斯4天地店),113.7256245,34.77869171
90,三星半店铺,郑州清真·穆泉羊清派火锅(CBD店),113.7304116,34.77408279
91,四星半店铺,郑州鲍凤元鲍鱼焖鸡(永威木色店),113.7381875,34.7732874
92,四星半店铺,郑州杨翔豆皮涮牛肚(一天地店),113.7299442,34.77360704
93,三星半店铺,郑州青门火锅,113.741708,34.77966597
94,三星半店铺,郑州王依鲍汁焖锅(丹尼斯4天地店),113.6888638,34.79287732
95,四星半店铺,郑州海底捞火锅(丹尼斯七天地店),113.72993,34.78421996
96,三星半店铺,郑州2068香辣虾(丹尼斯百货六天地店),113.7282443,34.78345743
97,四星半店铺,郑州靓小妹现炒料鱼火锅(丹尼斯二天地店),113.7283572,34.77456068
98,四星店铺,郑州呷哺呷哺(丹尼斯二天地店),113.7288796,34.77405922
99,三星半店铺,郑州寻鲜纪火锅(正光路店),113.7709597,34.77795517
101,四星半店铺,郑州小小河边鱼(万安路店),113.753083,34.76199323
102,四星半店铺,郑州鸿运打边炉·港式火锅(东风东路店),113.7312243,34.79503114
103,四星半店铺,郑州大智若鱼·新国风鱼火锅(熙地港店),113.7240614,34.79055387
104,四星半店铺,郑州集渔泰式海鲜火锅(熙地港店),113.7240762,34.79059471
105,四星半店铺,郑州热煲猪肚鸡(熙地港购物中心店),113.7240614,34.79055387
106,四星半店铺,郑州沙胆彪炭炉牛杂煲(熙地港店),113.7240614,34.79055387
107,五星店铺,郑州豆捞坊(熙地港店),113.724606,34.79048495
108,四星店铺,郑州黄记煌三汁焖锅(熙地港店),113.723992,34.79079295
109,三星半店铺,郑州鸿茂斋(熙地港店),113.724822,34.79116796
110,三星半店铺,郑州舟友沸腾渔港(金城时代广场店),113.712728,34.781657
111,四星店铺,郑州如一鸡鲍鱼(熙地港店),113.7240614,34.79055387
112,四星半店铺,郑州小肥羊(黄河路店),113.695584,34.78000397
113,四星店铺,郑州府苑美食,113.6931987,34.77566797
114,三星半店铺,郑州清真·潮汕记生鲜牛肉火锅(经四路店),113.696783,34.77615594
115,三星半店铺,郑州曹记猪肚鸡(纬五路店),113.6837495,34.77795811
118,三星半店铺,郑州老北京烤鸭店,113.6569689,34.78664423
119,三星店铺,郑州方团结砂锅区,113.736745,34.75648098
122,三星半店铺,郑州重庆森林,113.6815885,34.77324453
123,三星半店铺,郑州俏俏香旋转小火锅,113.6893417,34.77502434
124,四星半店铺,郑州汕锦记潮汕牛肉火锅(中原万达店),113.6545605,34.81514795
129,三星半店铺,郑州煳辣鱼老店(桐柏路总店),113.6108754,34.79535462
131,三星半店铺,郑州小龙坎火锅(中原万达店),113.684249,34.79860098
132,三星半店铺,郑州京回阁二力涮锅(秦陇路店),113.6834327,34.75776216
168,三星半店铺,郑州渔管家火锅鱼,113.6653478,34.82944879
178,三星半店铺,郑州老四串串香,113.8078522,34.81870847
189,三星半店铺,郑州西川巷子市井火锅(郑州总店),113.6699371,34.82018662
205,四星半店铺,郑州胡涂印象老串串(桐柏路店),113.6108754,34.79535462
207,三星半店铺,郑州火锅轰趴·专业火锅外卖(中原店),113.6912475,34.78477554
216,三星店铺,郑州鲁西肥牛(北鑫苑店),113.6420649,34.76273676
217,三星半店铺,郑州RED SUN韩国年糕火锅(锦艺城店),113.6749292,34.76272111
219,三星半店铺,郑州胖虎旋转小火锅(郑州总店),113.622734,34.77568495
232,三星半店铺,郑州秦胖子虾滑鲜菜火锅,113.6260325,34.77849721
233,三星半店铺,郑州二三堂清真潮州牛肉丸火锅,113.6996899,34.76114213
234,三星半店铺,郑州好易香骨汤串串香,113.702399,34.76560825
237,三星半店铺,郑州孙记香辣炒鸡老店,113.6830591,34.76468059
238,三星半店铺,郑州楊府宴(紫荆山店),113.6882972,34.75997919
240,三星半店铺,郑州老味道串串香(丰乐路店),113.64876,34.79978627
242,四星店铺,郑州廣順興猪肚鸡(天明路店),113.649755,34.80430451
243,四星店铺,郑州龍園涮肉(丰庆路店),113.6548336,34.82960328
246,三星半店铺,郑州红盛得火锅食品连锁超市(南阳路店),113.6391005,34.80996137
247,三星半店铺,郑州兜品香臭豆腐·烤面筋(丰乐路店),113.6422351,34.80819806
248,三星半店铺,郑州一品香辣炒鸡老店,113.6548968,34.80265543
249,三星半店铺,郑州御锅苑涮锅(丰乐路店),113.6383382,34.81326806
250,四星店铺,郑州京馆涮(瀚海海尚店),113.6528236,34.80726089
252,三星店铺,郑州北59号牛杂煲(天明路店),113.649755,34.80430451
253,三星半店铺,郑州冲浪牛牛蝎子火锅,113.696213,34.82527195
254,三星店铺,郑州渝崖洞老火锅,113.7769826,34.76042179
255,三星店铺,郑州渝中味道牛杂火锅(丰乐路店),113.6497182,34.79715252
256,三星半店铺,郑州老二烧烤碳锅鱼烩面,113.6390354,34.80031203
260,四星半店铺,郑州好彩猪肚鸡火锅(瀚海海尚店),113.7362392,34.75690389
262,三星半店铺,郑州天天燚锅旋转小火锅,113.6319899,34.77838032
265,三星半店铺,郑州小老胖串串香,113.6436743,34.79814146
266,三星半店铺,郑州签爷豆花牛肉火锅(南阳路店),113.6510336,34.78900564
267,三星半店铺,郑州珍馐串串火锅(丰乐路店),113.6497182,34.79715252
268,三星半店铺,郑州臻火焰虾火锅(升龙汇金店),113.636184,34.80617522
269,三星店铺,郑州郭百味串串香,113.6456255,34.8148473
270,三星半店铺,郑州椒享乐鱼火锅(博颂路店),113.6474319,34.815209
271,三星半店铺,郑州胡涂老串串牛油火锅(博颂路店),113.6458577,34.81517003
272,三星半店铺,郑州围辣串串香(瀚海海尚店),113.6528236,34.80726089
273,五星店铺,郑州巴奴毛肚火锅(海尚店),113.7127762,34.76928872
274,三星半店铺,郑州话题一锅缘养生小火锅(瀚海海尚店),113.6528236,34.80726089
275,四星店铺,郑州重庆锅巴饮年代火锅(丰庆路店),113.6540842,34.80979162
276,四星店铺,郑州欧啦自助火锅,113.6392918,34.80593196
277,四星店铺,郑州牛蛙爱上虾(丰乐路宋寨南街店),113.6420911,34.80914307
278,四星店铺,郑州黄记煌三汁焖鍋(瀚海海尚店),113.6528236,34.80726089
279,三星半店铺,郑州五洲俱乐部餐饮部,113.650699,34.80444206
280,三星半店铺,郑州粤趣猪肚鸡(索凌路店),113.6469746,34.83430656
281,三星半店铺,郑州王婆大虾直营店(南阳路店),113.6510336,34.78900564
282,三星半店铺,郑州王婆大虾(丰乐路店),113.6497182,34.79715252
283,三星半店铺,郑州佰人王串串香火锅(丰乐路店),113.6682842,34.77824016
285,四星店铺,郑州渝嗨捞火锅(天明路店),113.649755,34.80430451
287,四星店铺,郑州胖子烧烤海鲜(天明路店),113.6537838,34.79833161
288,四星半店铺,郑州八喜家牛杂煲(升龙汇金店),113.637375,34.80654697
289,五星店铺,郑州海底捞火锅(天旺店),113.648944,34.80444398
291,四星店铺,郑州集渔泰式海鲜火锅(瀚海海尚店),113.7240762,34.79059471
295,三星半店铺,郑州老二力涮锅,113.6857964,34.75925817
296,三星半店铺,郑州御锅苑涮锅,113.683738,34.75744268
297,四星店铺,郑州攀成钢串串香(郑州直营总店),113.687965,34.79082794
302,三星半店铺,郑州郑小灶?广州牛杂煲(商城路店),113.7028411,34.75845797
307,三星半店铺,郑州姐妹串串香,113.6784922,34.75968025
308,三星半店铺,郑州品多多旋转小火锅,113.6763428,34.76080947
310,三星半店铺,郑州老虾匠虾火锅(金博大店),113.6726879,34.76112181
311,三星半店铺,郑州顶呱呱香辣活虾卤肉火锅(商城路店),113.717507,34.76776294
312,三星半店铺,郑州新一代热盆景麻辣鱼,113.6834787,34.7581927
316,三星店铺,郑州豫缘王婆大虾(二七广场店),113.674546,34.75772494
317,四星店铺,郑州清真·涛哥鱼火锅(商城路总店),113.680259,34.76066601
318,三星半店铺,郑州添客转转锅?清真(卜蜂莲花店),113.7029568,34.78137624
320,三星半店铺,郑州昕时器蒸汽石锅鱼(金博大店),113.672594,34.76170335
321,三星半店铺,郑州我是你的菜欲罢不能的串串(大卫城店),113.6869243,34.80219356
322,三星半店铺,郑州涛哥鱼火锅（西大街店）·清真,113.6837451,34.75765903
324,三星半店铺,郑州清真·豫签签串串火锅,113.6777452,34.75787634
325,四星店铺,郑州清真·锦翔炝锅鱼(二七店),113.675646,34.75783096
327,五星店铺,郑州好彩猪肚鸡火锅(康宁街店),113.7666231,34.75812412
328,五星店铺,郑州巴奴毛肚火锅(商鼎路店),113.76474,34.760912
329,四星半店铺,郑州天府火锅(商鼎路店),113.765889,34.76010396
330,三星半店铺,郑州毋米粥开煲(郑州东站店),113.7851679,34.76542181
333,四星半店铺,郑州额尔敦传统涮(七里河南路总店),113.763736,34.76416395
334,三星半店铺,郑州老来涮(商鼎路店),113.7362562,34.7597833
337,三星半店铺,郑州卢记河南名吃红焖羊肉,113.7768073,34.77869297
338,四星店铺,郑州汕锦记潮汕牛肉火锅(汇艺银河里店),113.776533,34.76028693
340,三星半店铺,郑州小背篓菌汤火锅(商鼎路店),113.777341,34.76023296
342,四星半店铺,郑州豆捞坊(绿地新都会店),113.7745071,34.77679393
344,三星店铺,郑州山城老井记豆花鸡(祥盛街店),113.7582857,34.76795318
349,三星店铺,郑州升级版鸡蛋灌饼,113.6897807,34.75963095
352,四星店铺,郑州四川红辣椒火锅,113.7768631,34.78347485
357,三星半店铺,郑州撑船仔重庆火锅,113.7781544,34.76794131
361,四星半店铺,郑州好彩猪肚鸡火锅(绿地新都会店),113.7745091,34.77679534
362,四星半店铺,郑州如一鸡鲍鱼(新田360绿地店),113.7547755,34.79024638
364,三星半店铺,郑州湊湊火锅·茶憩(郑州绿地新都会店),113.7745091,34.77679534
365,三星半店铺,郑州豫葛记红焖羊肉(东明路总店),113.706451,34.76433432
366,四星店铺,郑州香港鲜胶记花胶鸡火锅(曼哈顿店),113.7145059,34.76715609
367,四星店铺,郑州川西坝子(郑州总店),113.6699371,34.82018662
368,四星店铺,郑州毋米粥开煲(英协路店),113.7246511,34.75959529
369,四星半店铺,郑州百年老妈火锅(玉凤路店),113.7192747,34.76744528
371,四星店铺,郑州东城火锅店(东明路店),113.7071752,34.76291246
372,三星半店铺,郑州胡羊排香辣虾(燕庄黑庄店),113.709535,34.78267555
373,三星半店铺,郑州渝中味道牛杂火锅(顺河路店),113.7267466,34.76142192
374,四星店铺,郑州龙门巷老成都火锅,113.713967,34.75762996
375,三星半店铺,郑州齐祺渔锅(玉凤路店),113.7174131,34.762607
376,五星店铺,郑州巴奴毛肚火锅(曼哈顿店),113.714756,34.76677193
378,四星店铺,郑州巴四老城区炭火蛙锅(曼哈顿店),113.7235521,34.79069809
380,三星半店铺,郑州二力涮锅(凤台路店),113.721056,34.75602901
381,四星半店铺,郑州拾岁火锅(未来路店),113.7141446,34.77668571
382,四星店铺,郑州驭羊大爷炭烤羊腿 · 羊蝎子火锅(玉凤路总店),113.7178013,34.76065496
383,三星半店铺,郑州农夫渔(民航路店),113.723678,34.77045695
384,三星店铺,郑州仲记寻鲜纪(未来路店),113.7101843,34.76978933
385,四星半店铺,郑州鼎鼎红火锅(英协路店),113.725434,34.76291795
387,三星半店铺,郑州蜀锅捞火锅(福元路店),113.7250341,34.76321127
388,三星半店铺,郑州淼鑫猪肚鸡(曼哈顿店),113.71562,34.76627109
389,三星半店铺,郑州海汕记潮汕牛肉火锅(曼哈顿店),113.7031628,34.78076163
390,三星半店铺,郑州一闻香迷宗蟹(凤鸣路店),113.7192897,34.75537884
391,三星半店铺,郑州313羊庄,113.7246353,34.75943225
393,三星半店铺,郑州大刀涮,113.722202,34.755822
394,三星半店铺,郑州郭记串串香,113.716554,34.77566575
395,三星半店铺,郑州不凡火锅(未来路店),113.710713,34.75460363
396,三星半店铺,郑州东来顺(河南总店),113.70315,34.76927894
397,三星半店铺,郑州围辣串串香(燕寿街店),113.7153898,34.77552439
398,四星店铺,郑州老哥门肥肠鱼?重庆火锅(玉凤路店),113.7174131,34.762607
400,三星半店铺,郑州小雷家牛杂煲(福元路店),113.7250341,34.76321127
402,三星半店铺,郑州一品旋转小火锅,113.7171564,34.77604149
404,五星店铺,郑州海底捞火锅(名门广场店),113.718799,34.766756
405,三星半店铺,郑州围辣串串香(超级鲜生店),113.677389,34.80502299
406,三星店铺,郑州百年老妈,113.7272538,34.76750266
407,三星半店铺,郑州串串香(黑朱庄店),113.713485,34.78284121
408,三星半店铺,郑州老味道旋转小火锅,113.7191269,34.77060825
409,三星半店铺,郑州围辣串串香(沈庄店),113.7167045,34.76539467
410,三星半店铺,郑州蝎羊府羊蝎子鲜肉火锅(清真),113.6867352,34.79856459
411,三星店铺,郑州老树下音乐串吧,113.7088459,34.7682898
412,三星半店铺,郑州摊客·烧烤·虾尾·小龙虾,113.7165605,34.75518904
413,四星店铺,郑州牦鼎记牦牛肉火锅餐厅(东明路店),113.7067501,34.7613345
414,三星半店铺,郑州钢管厂五区小郡肝串串香(曼哈顿店),113.7117059,34.76785635
415,三星半店铺,郑州潮汕鼎记生鲜牛肉火锅·清真(英协路店),113.7243499,34.75849549
416,三星半店铺,郑州于勇串串香(赛博数码广场店),113.7133477,34.76606099
417,四星店铺,郑州廣順興猪肚鸡(英协路店),113.7245343,34.75971391
419,四星店铺,郑州粤享猪肚鸡(宏光百花里店),113.7235973,34.77269631
421,三星半店铺,郑州佰人王串串香(十里铺街店),113.7367149,34.75639401
423,三星半店铺,郑州清真柘城五香牛羊肉,113.7065929,34.77249075
425,三星店铺,郑州馨悦坊串串香酸菜鱼麻辣香锅,113.7128408,34.78242155
426,三星半店铺,郑州一味砂锅(楷林国际店),113.7244587,34.76895899
427,三星半店铺,郑州京顺斋涮锅(百福街店),113.7426884,34.76176377
428,四星半店铺,郑州群鼎火锅(玉凤路店),113.7174131,34.762607
429,三星半店铺,郑州久九串串香火锅,113.629817,34.83941236
430,三星半店铺,郑州京味轩鱼头泡饼家常菜(商鼎路店),113.735287,34.76058875
434,三星半店铺,郑州二毛藤椒鸡(顺河路总店),113.7001486,34.76567787
437,三星半店铺,郑州牛蛙爱上虾(沈庄路店),113.7191943,34.76101587
438,三星半店铺,郑州天佑羊头领铁锅羊肉,113.7103574,34.75977315
439,四星店铺,郑州如一坊豆捞(金水路店),113.727569,34.76735899
440,四星店铺,郑州牛馆主筋头巴脑火锅(曼哈顿店),113.713184,34.76687594
441,三星店铺,郑州京途鲜羊涮·羊蝎子·烧烤(福元路店),113.7224682,34.76301306
442,三星半店铺,郑州靓靓王婆大虾(国产虾)(曼哈顿店),113.713184,34.76687594
443,三星半店铺,郑州响当当大虾煲(凤台路店),113.7208867,34.75574739
444,三星半店铺,郑州曹记猪肚鸡(天一大厦店),113.7106549,34.77969836
445,三星半店铺,郑州脆鲩楼养生鱼火锅,113.7767877,34.78717408
446,四星店铺,郑州桥家园老北京羊蝎子羊棒骨(曼哈顿广场店),113.71377,34.76824999
447,三星半店铺,郑州牛小哥炭炉牛杂煲(曼哈顿店),113.713184,34.76687594
448,四星店铺,郑州小小河边鱼(纬四路总店),113.687965,34.79082794
450,四星店铺,郑州重庆古老火锅(曼哈顿店),113.713184,34.76687594
453,四星店铺,郑州呷哺呷哺(郑州二七万达店),113.698622,34.80009699
471,三星半店铺,郑州虾吃虾涮虾火锅(二七万达店),113.684249,34.79860098
475,三星半店铺,郑州华记打边炉,113.6730982,34.76960838
507,三星店铺,郑州川渝旋转小火锅(二七万达店),113.698622,34.80009699
511,三星半店铺,郑州渔舟唱晚鱼火锅,113.7767877,34.78717408
512,三星半店铺,郑州川人家火锅,113.7301055,34.74931011
514,三星半店铺,郑州袁老四老火锅(郑州总店),113.687965,34.79082794
533,三星半店铺,郑州老北京旋转小火锅,113.7362632,34.75687364
537,三星半店铺,郑州川签道串串香火锅,113.629817,34.83941236
547,四星店铺,郑州卤颜悦色·牛骨卤汤火锅,113.7135729,34.76770512
555,三星半店铺,郑州哆哆醉重庆老火锅(沙口路店),113.6382492,34.78848636
556,三星半店铺,郑州鸿茂斋(优胜路店),113.6663584,34.77548066
557,三星半店铺,郑州潮汕记生鲜牛肉火锅(优胜北路店),113.669655,34.77541698
559,四星店铺,郑州尚牛寿喜烧(任寨北街店),113.675345,34.776134
561,三星半店铺,郑州麻辣森林串串香火锅(大石桥店),113.6579891,34.77523864
562,三星半店铺,郑州顶顶红·豆笋炖锅,113.6507074,34.77138216
563,三星半店铺,郑州鱼库秘制烤鱼(南阳路店),113.65782,34.775545
564,四星店铺,郑州佰人王串串香火锅(同乐路店),113.6682842,34.77824016
565,三星半店铺,郑州曹記鸭肠王火锅店(任寨北街店),113.6734648,34.77674676
569,三星半店铺,郑州牛市口胡涂串串火锅,113.6736949,34.75990964
570,四星半店铺,郑州鼎胜打边炉,113.6730982,34.76960838
571,三星半店铺,郑州丰元养生馆(新通桥店),113.6722893,34.77060752
572,三星半店铺,郑州香羊坊老北京羊蝎子火锅,113.6608279,34.77567842
573,四星店铺,郑州胡涂印象老串串(南阳路店),113.657818,34.77561698
575,三星半店铺,郑州崔福记凉菜老店,113.6510484,34.77214457
578,三星店铺,郑州辣出川四川牛肉牛杂火锅(南阳路店),113.6510336,34.78900564
580,四星店铺,郑州早点爱上鱼(南阳路岗杜街店),113.6591693,34.77563056
582,三星半店铺,郑州王婆大虾(沙口路店),113.6382492,34.78848636
589,三星店铺,郑州冰熔竹园火锅,113.6783749,34.78266362
590,四星店铺,郑州签王之王串串火锅(南阳路旗舰店),113.6736949,34.75990964
591,三星半店铺,郑州如意串串香,113.6513929,34.77187764
592,三星半店铺,郑州上水·王婆大虾(大石桥总店),113.660039,34.77363276
593,三星店铺,郑州海时尚自动餐厅,113.6626393,34.77143976
595,三星店铺,郑州鼎盛居羊蝎子鲜鸡烧烤,113.6867352,34.79856459
598,三星半店铺,郑州豆城油皮火锅(郑州总店),113.6604594,34.7731559
599,三星半店铺,郑州马玉山酸萝卜乌江鱼,113.6465609,34.77267113
600,三星半店铺,郑州醉红尘(南阳路店),113.6510336,34.78900564
602,四星店铺,郑州重庆仔新派火锅(优胜路店),113.6692335,34.77503301
603,四星店铺,郑州海底捞火锅(南阳路银兴悠客店),113.648944,34.80444398
604,三星半店铺,郑州围辣串串香(南阳路店),113.6449737,34.80298407
605,三星半店铺,郑州锅圈食汇火锅烧烤食材超市(二环路店),113.6473977,34.77547821
607,三星半店铺,郑州赵记清真牛肉,113.6511399,34.77243716
608,三星半店铺,郑州老北京旋转火锅(优胜北路店),113.6682832,34.77540468
609,四星店铺,郑州玉林串串香,113.6677174,34.77516814
611,四星店铺,郑州麻渣渣洪七公串串火锅,113.6736949,34.75990964
612,四星店铺,郑州龙情成都老火锅,113.6975843,34.78274478
615,三星半店铺,郑州原生态热烀炖地锅,113.6847121,34.8388146
619,三星半店铺,郑州康健康火锅厨房(农业东路店),113.7404637,34.7897671
620,三星半店铺,郑州说原牛潮汕鲜牛肉火锅,113.724827,34.79039794
622,四星店铺,郑州笨笨甲甲鱼坊(农业南路店),113.7645114,34.76323509
625,三星半店铺,郑州一锅端火锅集市(郑州总店),113.687965,34.79082794
627,三星半店铺,郑州四哥硬啃酱骨自助火锅(祭城店),113.7764708,34.7828252
629,三星半店铺,郑州额尔敦传统涮(东风南路店),113.763736,34.76416395
633,四星半店铺,郑州渔珺传奇石锅鱼(天泽街店),113.7433527,34.78964244
634,三星半店铺,郑州潮汕记生鲜牛肉火锅(天泽街店),113.7439165,34.79047524
635,三星半店铺,郑州朝辣門火锅(宏图街店),113.7430033,34.75855117
636,四星店铺,郑州京溪涮肉·清真(郑东新区店),113.769085,34.76252294
641,三星半店铺,郑州川东王牛杂火锅(通泰路店),113.739842,34.7562169
644,四星店铺,郑州顾渡日式河豚火锅料理,113.7479082,34.79703476
645,三星半店铺,郑州锅圈食汇火锅烧烤食材超市(金水东路店),113.7772621,34.78271669
647,三星半店铺,郑州围辣串串香(商业中心店),113.67291,34.81521967
649,三星半店铺,郑州锅圈食汇火锅烧烤食材超市(东方鼎盛店),113.7657895,34.75961427
652,三星店铺,郑州辣尚宫涮烤王主题餐厅,113.7177969,34.75489327
653,三星半店铺,郑州老北京旋转小火锅(西周路店),113.7362632,34.75687364
654,三星半店铺,郑州朋友圈煮串串(乐享城音乐夜市),113.7645017,34.76214825
657,三星半店铺,郑州福隆斑鱼庄,113.7659308,34.76167511
659,四星半店铺,郑州草原往事·冰煮羊(天泽街店),113.7450247,34.79207693
660,三星半店铺,郑州小不点涮烤蒙古印象(农业南路店),113.7645114,34.76323509
661,三星半店铺,郑州朱老八串串香,113.7804547,34.77963254
662,四星半店铺,郑州好彩猪肚鸡火锅(天泽街店),113.74501,34.7916456
664,四星半店铺,郑州霸王别姬新派打边炉,113.6730982,34.76960838
667,三星半店铺,郑州杨新伟老北京旋转小火锅(祭城店),113.775456,34.783916
669,三星半店铺,郑州牛鲜花雪花牛肉专营店(地润街店),113.726671,34.79385096
674,四星店铺,郑州樽舞和牛海鲜火锅,113.7370786,34.79082786
675,四星店铺,郑州浪八两烤涮店(天泽街店),113.7447126,34.7916
676,三星半店铺,郑州老四串串香(十里铺街),113.7366867,34.7589083
677,三星半店铺,郑州驭羊大爷烤羊腿·羊蝎子火锅(农业南路店),113.7645114,34.76323509
678,三星半店铺,郑州老鸭汤,113.7593514,34.78915129
682,四星店铺,郑州围辣串串香(熙地港店),113.8034682,34.81906267
683,三星半店铺,郑州廣顺興猪肚鸡(万安街店),113.7532544,34.76324003
684,四星半店铺,郑州海底捞火锅(商鼎路店),113.7647829,34.76210852
685,四星半店铺,郑州粤小煲鲜汤猪肚鸡(百福街店),113.7282308,34.75563419
686,四星店铺,郑州澳门肥九火锅(龙湖里店),113.7489413,34.79729414
688,四星半店铺,郑州京溪涮肉(九如东路店),113.7481808,34.78099248
691,四星半店铺,郑州牛汤陈跷脚牛杂火锅(农业南路店),113.7645114,34.76323509
692,五星店铺,郑州巴奴毛肚火锅(郑州绿地新都会店),113.7334455,34.77627469
693,三星半店铺,郑州赵记王海涮牛肚·烧烤城(龙子湖店),113.8127964,34.79700142
699,三星半店铺,郑州王小麻麻辣烫(海知音店),113.7368652,34.75463273
702,三星半店铺,郑州川麻婆泥锅涮肚串串火锅(通泰路店),113.739842,34.7562169
704,三星半店铺,郑州广顺兴猪肚鸡,113.777459,34.78794294
705,三星半店铺,郑州蠔先生猪肚鸡(龙子湖店),113.8053566,34.82509623
706,三星店铺,郑州咱家厨房(众意路店),113.7297541,34.79438514
709,四星店铺,郑州肴千签成都串串锅,113.6244115,34.77839144
712,三星半店铺,郑州花库·串串(天赋路店),113.7541814,34.79004031
721,三星半店铺,郑州洞氮胡记·羊肉馆(天泽街店),113.7447126,34.7916
722,三星半店铺,郑州亚布拉罕旺夫羊肉(姚桥店),113.8084842,34.81212541
724,三星半店铺,郑州叁味真火锅(天泽街店),113.7447126,34.7916
729,三星半店铺,郑州豫虾当家火锅(工大东门店),113.6540314,34.83398888
734,三星半店铺,郑州顺城老八烧鸡牛肉老店,113.6778141,34.75808808
747,三星半店铺,郑州三合·王婆大虾(锦华苑店),113.6646179,34.81088629
755,三星半店铺,郑州牛耳桥老火锅,113.7769826,34.76042179
765,三星半店铺,郑州憨老大铜锅涮羊蝎子烧烤,113.6867352,34.79856459
771,三星半店铺,郑州孙府大砂锅,113.6727953,34.82580918
772,三星半店铺,郑州五一涮锅,113.6723174,34.77319111
781,三星半店铺,郑州汕锦记潮汕牛肉火锅(睿达广场店),113.6545605,34.81514795
785,三星半店铺,郑州满江红串串香,113.6502675,34.83239283
790,三星半店铺,郑州久香串串香火锅烤串(科学大道店),113.629817,34.83941236
799,三星半店铺,郑州食玖火锅·专业火锅外卖食材(高新区店),113.6912475,34.78477554
806,三星半店铺,郑州龍清吉炒鸡鱼头泡饼,113.7772862,34.77322373
840,三星半店铺,郑州呷哺呷哺(郑州高新万达店),113.684249,34.79860098
842,三星半店铺,郑州威记涮锅,113.7136666,34.743591
845,三星半店铺,郑州醉巴鲜烤鱼(高新万达店),113.698622,34.80009699
854,五星店铺,郑州拾岁火锅(普罗旺世店),113.6383548,34.82792672
855,四星店铺,郑州旮旯小院,113.6493127,34.77836831
856,四星店铺,郑州沙胆彪炭炉牛杂煲(正弘城店),113.6870093,34.80163647
857,四星半店铺,郑州如一鸡鲍鱼(正弘城店),113.6870093,34.80163647
859,三星半店铺,郑州胡涂老串串牛油火锅(农科路店),113.698772,34.79705396
860,四星半店铺,郑州厚道寿喜烧専門店(建业凯旋店),113.687095,34.79929852
861,三星半店铺,郑州东来顺(金水路店),113.70315,34.76927894
863,四星半店铺,郑州云鼎汇砂(新世界店),113.6894857,34.75953345
865,四星半店铺,郑州旬野菜寿喜烧·日式自助火锅专门店(建业凯旋广场店),113.687095,34.79929852
867,四星店铺,郑州胡涂老串串牛油火锅(祭城店),113.7745969,34.78610341
868,四星店铺,郑州小肥羊(红专路店),113.667905,34.78583466
869,四星店铺,郑州麻门匠骨秘制羊棒骨(郑州总店),113.6882854,34.76117512
870,三星半店铺,郑州贤合庄卤味火锅(商城路店),113.7028411,34.75845797
871,三星半店铺,郑州西贝三宝(太格茂火锅店),113.8077354,34.79914676
872,四星店铺,郑州快乐小羊火锅(农科路店),113.6882928,34.79828184
874,三星半店铺,郑州老诚伊羊蝎子(国基路店),113.6520225,34.82588533
875,四星半店铺,郑州清真·香臣海捞无烟火锅,113.6892524,34.75866586
876,四星半店铺,郑州呷哺呷哺(局外太格茂店),113.808016,34.79925095
879,四星店铺,郑州时二崽重庆芋儿鸡招待所(蓝堡湾店),113.6843058,34.80143024
880,四星半店铺,郑州無间老友记养生打边炉(丰产路店),113.704486,34.78922096
882,四星半店铺,郑州付小姐在成都(郑东新区店),113.775056,34.77382097
883,四星店铺,郑州大龙燚火锅(经三路店),113.6995264,34.80438226
884,三星半店铺,郑州裕德孚手切涮羊肉(建业凯旋广场店),113.687095,34.79929852
886,四星店铺,郑州京豫马四涮锅(总店),113.683886,34.75834231
888,三星半店铺,郑州广东打边炉(城东路店),113.6730982,34.76960838
889,四星店铺,郑州洛阳涮牛肚(丰产路店),113.6928609,34.78928499
890,五星店铺,郑州巴奴毛肚火锅概念餐厅,113.699818,34.76928398
892,四星半店铺,郑州清真?领头羊铜锅涮,113.6448749,34.83717564
893,四星半店铺,郑州红蛙馆·麻辣鱼美蛙火锅(蓝堡湾店),113.6843058,34.80143024
894,四星店铺,郑州廣顺興猪肚鸡(祭城店),113.777459,34.78794294
895,四星店铺,郑州哆咪客年糕料理(太格茂店),113.8077354,34.79914676
896,四星店铺,郑州谭鸭血老火锅(正光路店),113.7709597,34.77795517
899,四星店铺,郑州广和馆猪肚鸡(索凌路店),113.6469746,34.83430656
900,四星半店铺,郑州电台巷火锅(农科路直营店),113.6924728,34.79797479
902,四星半店铺,郑州汕锦记潮汕牛肉火锅(东风路店),113.6545605,34.81514795
903,四星店铺,郑州蜀江龙火锅(建文店),113.6749832,34.7801969
904,三星半店铺,郑州廣順興猪肚鸡(蓝堡湾店),113.680536,34.80053397
905,四星半店铺,郑州谭鸭血老火锅(文化路店),113.673993,34.77686242
906,五星店铺,郑州清真·槐店王婆大虾(畅和街店),113.7753623,34.78559653
907,三星半店铺,郑州廣順興猪肚鸡(国基路店),113.6893862,34.8280574
908,三星半店铺,郑州皇宫大酒店,113.698515,34.80312093
909,四星半店铺,郑州土房子怪味鱼(未来路店),113.7222533,34.79147374
911,五星店铺,郑州热煲猪肚鸡(正弘城店),113.6873984,34.80128833
912,三星半店铺,郑州川西集市火锅(龙子湖店),113.8127964,34.79700142
913,五星店铺,郑州海底捞火锅(新世界百货店),113.6892493,34.75998637
914,四星店铺,郑州有拈头成都市井火锅(凤台路店),113.7208867,34.75574739
915,四星店铺,郑州额尔敦传统涮(金水万达店),113.68375,34.798374
916,三星半店铺,郑州小泉烧烤·老北京涮锅(紫荆山路店),113.686981,34.76054405
919,四星店铺,郑州谭鸭血老火锅(郑汴路总店),113.7266543,34.75244048
920,四星半店铺,郑州呷哺呷哺(大卫城丹尼斯店),113.672784,34.76282197
921,四星店铺,郑州蜀大侠火锅(建业凯旋广场店),113.687095,34.79929852
922,四星店铺,郑州清真?海记牛肚王(郑州总店),113.687965,34.79082794
923,四星店铺,郑州好彩猪肚鸡火锅(国基路店),113.6362084,34.82641611
924,五星店铺,郑州海底捞火锅(璞丽中心店),113.7021082,34.78127959
925,四星店铺,郑州麻门匠骨秘制羊棒骨(玉凤路店),113.7174131,34.762607
926,四星半店铺,郑州曹記猪肚鷄(任寨北街店),113.6743367,34.7768894
927,三星半店铺,郑州鸡太尉秘制火锅鸡(红旗路店),113.6792973,34.78278457
928,四星店铺,郑州阿森九记猪肚鸡(红专路店),113.7042668,34.78508624
929,四星半店铺,郑州好彩猪肚鸡火锅(十里铺街店),113.7362392,34.75690389
930,五星店铺,郑州海底捞火锅(印象汇店),113.7312305,34.7541542
931,四星店铺,郑州漫口火锅·茶饮·酒馆,113.7043242,34.77528549
932,四星半店铺,郑州海底捞火锅(凯隆店),113.672736,34.80700896
933,四星半店铺,郑州巴奴毛肚火锅(农科路店),113.694964,34.79769994
935,四星店铺,郑州黄记煌三汁焖锅(YOYO PARK店),113.6476374,34.8049097
936,四星半店铺,郑州巴奴毛肚火锅(yoyopark店),113.6862962,34.79117722
937,四星半店铺,郑州巴奴毛肚火锅(农业路店),113.70649,34.79273399
938,四星半店铺,郑州海底捞火锅(郑州凯旋广场店),113.668638,34.79373498
939,四星半店铺,郑州海底捞火锅(建业凯旋汇店),113.687095,34.79929852
940,五星店铺,郑州海底捞火锅(绿地新都会店),113.7757809,34.77633065
941,四星半店铺,郑州巴奴毛肚火锅(正弘旗店),113.70649,34.79273399
943,四星店铺,郑州佰人王串串香火锅直营店(经三路总店),113.687965,34.79082794
944,四星半店铺,郑州廣顺興猪肚鸡(明鸿路店),113.708796,34.79689997
945,三星半店铺,郑州鸿茂斋(正弘城店),113.6870093,34.80163647
946,五星店铺,郑州巴奴毛肚火锅(文化路店),113.671867,34.81446499
947,四星半店铺,郑州豆捞坊(正弘城店),113.687389,34.80237496
948,四星店铺,郑州黄记煌三汁焖锅(绿地新都会店),113.774849,34.77633599
949,四星半店铺,郑州汕锦记潮汕牛肉火锅(天明路店),113.6545605,34.81514795
950,四星店铺,郑州吉串签子火锅串串(绿地新田360店),113.775316,34.77595995
951,四星店铺,郑州齐祺渔锅(心怡路店),113.7768243,34.78509884
953,四星店铺,郑州火麒麟老灶火锅,113.6692539,34.83472138
954,三星半店铺,郑州舒来喜鱼锅(正弘城直营店),113.6870093,34.80163647
955,四星店铺,郑州添客转转锅·清真(璞丽中心店),113.7021082,34.78127959
956,四星店铺,郑州臻品涮肉,113.7043461,34.77619856
957,四星店铺,郑州京馆涮(商城路店),113.684741,34.75910396
958,三星半店铺,郑州卤盟主卤味火锅·太格茂店,113.8077354,34.79914676
959,三星半店铺,郑州鸿茂斋(经七路店),113.6870342,34.8015637
961,四星店铺,郑州不二绝味鱼妙(丰庆路店),113.6548336,34.82960328
962,四星店铺,郑州华上鲜重庆火锅(凤鸣路店),113.7240442,34.75562837
963,三星半店铺,郑州呷哺呷哺(YOYOPARK店),113.6862962,34.79117722
964,三星半店铺,郑州京馆涮(璞丽中心店),113.7021082,34.78127959
965,四星店铺,郑州贝加尔铜锅涮(福彩路店),113.7052682,34.80942105
968,四星店铺,郑州锦鸡坊广式猪肚鸡,113.7112438,34.78586157
969,三星半店铺,郑州黄记煌三汁焖锅(璞丽中心店),113.7023634,34.78098058
970,三星半店铺,郑州潮汕鼎记生鲜牛肉火锅?清真(紫荆山路店),113.68805,34.75914096
971,三星半店铺,郑州小蟹元迷宗蟹(通泰路店),113.739842,34.7562169
972,四星店铺,郑州凤凰城椰子鸡·百姓餐厅,113.719255,34.74931997
974,四星店铺,郑州锅大侠市集火锅(硅谷店),113.6717701,34.80257496
975,三星半店铺,郑州涂山苮重庆火锅(国基路总店),113.6699371,34.82018662
977,三星半店铺,郑州三合?王婆大虾(凯旋广场店),113.668638,34.79373498
979,三星半店铺,郑州小背篓菌汤火锅(聚源路店),113.745501,34.76451795
983,三星半店铺,郑州炉御·鹅味鲜(郑州花园路店),113.6873894,34.8108914
984,四星店铺,郑州牛蛙爱上虾(丰乐路店),113.653196,34.79257495
986,三星半店铺,郑州杨翔豆皮涮牛肚(璞丽中心店),113.7023103,34.78105078
987,四星店铺,郑州让签签飞小郡肝串串香火锅(龙子湖店),113.8138452,34.79690626
988,三星半店铺,郑州煲状元广式猪肚鸡(农科路店),113.6882928,34.79828184
990,四星店铺,郑州云鼎汇砂(丰业广场店),113.6498189,34.79235529
992,四星店铺,郑州大铜锅四季涮肉(国基路店),113.649744,34.82693896
993,四星店铺,郑州红菇坊火锅(百福街店),113.7428023,34.76100802
994,三星半店铺,郑州寻鲜纪火锅(上悦城店),113.6988604,34.77242315
995,四星店铺,郑州老巴适火锅(经三路店),113.6995616,34.80372085
996,三星半店铺,郑州齐祺渔锅(红专路店),113.697122,34.785765
997,三星店铺,郑州清真四季老北京涮肉(英协路店),113.724956,34.76087057
998,四星店铺,郑州清真·五位先生串串火锅店(紫荆山路店),113.6889218,34.76084809
999,三星半店铺,郑州寻鲜纪火锅(东明路店),113.6988604,34.77242315
1000,三星半店铺,郑州齐祺渔锅(十里铺店),113.632642,34.78057099
1002,四星店铺,郑州韦亮记涮牛肚(局外龙子湖店),113.8053566,34.82509623
1004,三星半店铺,郑州明记广东打边炉,113.7772692,34.78699717
1005,三星半店铺,郑州齐祺渔锅(龙子湖店),113.8215623,34.80960905
1006,三星半店铺,郑州牛蛙爱上虾(红旗路店),113.668439,34.78276494
1007,三星店铺,郑州齐祺渔锅(嵩山路店),113.632642,34.78057099
1008,三星半店铺,郑州让签签飞小郡肝串串香(YOYOPARK店),113.6476374,34.8049097
1013,四星店铺,郑州广州大排档开煲(红专路店),113.6477553,34.80480092
1014,三星半店铺,郑州云乡山菌,113.7748539,34.78570985
1015,三星半店铺,郑州杨翔豆皮涮牛肚麻辣烫·串串·火锅(yoyopark店),113.6862962,34.79117722
1016,三星半店铺,郑州马家胖孩?胖孩海鲜烧烤铜锅涮(聚源路总店),113.6513094,34.82656153
1017,三星半店铺,郑州喜虾客(太格茂店),113.808133,34.79852495
1018,三星半店铺,郑州王婆大虾(蓝堡湾店),113.6827681,34.80341126
1019,三星半店铺,郑州老二碳锅鱼海鲜烧烤大排档,113.6852002,34.762241
1020,三星半店铺,郑州锦鸡坊广式猪肚鸡(红专路店),113.7112438,34.78586157
1021,三星半店铺,郑州渔珺传奇·云南蒸汽石锅鱼(凯德广场店),113.7314399,34.75473868
1022,四星店铺,郑州小胖说手提串串·厕所串串,113.67157,34.77534894
1023,三星半店铺,郑州大口妹肉蟹煲(瀚海北金店),113.6729455,34.81519159
1024,三星店铺,郑州重庆锅巴饮年代火锅(龙子湖店),113.8151105,34.79701253
1025,三星半店铺,郑州蜀江龙火锅(龙子湖店),113.8053566,34.82509623
1026,三星半店铺,郑州和盛轩涮锅,113.7136666,34.743591
1028,三星半店铺,郑州小巷子老火锅,113.712277,34.78200796
1030,三星半店铺,郑州御辇曾成宗牛肉馆(唐人街茶城店),113.72635,34.760361
1031,三星半店铺,郑州巴记四个涮肉,113.706243,34.78059997
1032,三星半店铺,郑州茂顺哥鲜鱼火锅,113.696141,34.78009395
1034,三星半店铺,郑州情蛙缘铁锅牛蛙(局外·太格茂店),113.8077354,34.79914676
1035,三星半店铺,郑州柴鸡甲鱼,113.7282593,34.7466183
1036,三星半店铺,郑州齐祺渔锅(普罗旺世店),113.6371497,34.83161461
1037,三星半店铺,郑州藤麻麻藤椒豆花鸡(新世界百货店),113.689253,34.75915074
1038,三星半店铺,郑州王婆大虾(东明路店),113.7206619,34.7543862
1039,三星半店铺,郑州云南蒸汽石锅鱼(旗舰店),113.659204,34.81547394
1040,四星店铺,郑州西平·王婆大虾(祭城店),113.7767235,34.78536825
1042,四星店铺,郑州鑫农夫大盘鸡(蓝堡湾店),113.6843058,34.80143024
1043,三星半店铺,郑州全驴鲜汤,113.7530007,34.7670036
1044,三星半店铺,郑州广和馆猪肚鸡(聚源路店),113.7282308,34.75563419
1046,三星半店铺,郑州尚品鲜坊自助小火锅(幸福城店),113.7167711,34.74664425
1047,三星半店铺,郑州潮汕记生鲜牛肉火锅(索凌路清真店),113.6451528,34.8227637
1048,三星店铺,郑州清真巴记油泼面·老北京涮锅·马坡烧烤(经三路店),113.6870361,34.79093377
1051,三星半店铺,郑州虾吃虾涮虾火锅(东风路店),113.6692975,34.80546017
1052,三星半店铺,郑州王婆大虾(百福街店),113.7428023,34.76100802
1053,三星店铺,郑州夫幸园海鲜烧烤铜锅鸡(十里铺店),113.6496685,34.81851943
1055,三星店铺,郑州宽窄巷子成都火锅(祭城店),113.7764708,34.7828252
1057,三星半店铺,郑州狼爱上羊音乐火锅(幸福城店),113.7167711,34.74664425
1058,三星半店铺,郑州昕时器云南蒸汽石锅鱼(金城时代广场店),113.712728,34.781657
1060,四星店铺,郑州王子爱上虾(普庆路店),113.650364,34.82474998
1061,三星半店铺,郑州正宗潮汕牛肉丸火锅(花园路店),113.687439,34.80799696
1062,三星半店铺,郑州猪肚鸡·牛杂火锅(南阳路店),113.6510336,34.78900564
1064,三星半店铺,郑州昕时器蒸汽石锅鱼(瀚海北金店),113.6511176,34.82603023
1065,三星半店铺,郑州李福记猪肚包鸡(园田路店),113.659071,34.81549395
1066,三星半店铺,郑州佰人王串串火锅(国基路店),113.650695,34.82593993
1067,四星店铺,郑州王婆大虾(东风路店),113.683462,34.79872118
1069,三星半店铺,郑州潮汕豆捞生鲜牛肉火锅(福彩路店),113.7054959,34.81179874
1070,三星半店铺,郑州王婆大虾(千盛广场店),113.6568219,34.79242932
1071,三星半店铺,郑州纳百川·巴蜀大虾,113.6535918,34.79852628
1072,三星半店铺,郑州昕时器蒸汽石锅鱼(硅谷广场店),113.672327,34.80273598
1073,三星半店铺,郑州川香渔歌(南阳路店),113.6501926,34.79045767
1076,四星店铺,郑州鸿德祥(幸福城店),113.7167711,34.74664425
1079,三星半店铺,郑州众福得清真涮肉店(嵩山路店),113.6361179,34.77024301
1080,三星半店铺,郑州锅圈食汇火锅烧烤食材超市(经一路店),113.7137701,34.76297651
1081,三星半店铺,郑州前男友的火锅店(龙子湖店),113.80052,34.81301696
1082,三星半店铺,郑州锅圈食汇火锅烧烤食材超市(园田路店),113.6592365,34.81469971
1083,三星半店铺,郑州百年肥羊(宏明路郑州总店),113.6699371,34.82018662
1084,三星半店铺,郑州德宝·御香苑肥牛火锅(国基路店),113.6503882,34.82655323
1085,三星半店铺,郑州豫缘王婆大虾(新世界百货店),113.6889332,34.76092698
1086,三星半店铺,郑州汕头牛肉丸火锅(原建业路店),113.7360873,34.756581
1088,三星半店铺,郑州姥家大锅台(宏达路店),113.6539115,34.82929182
1089,三星半店铺,郑州锅圈食汇(姚寨路店),113.7043369,34.7912503
1091,三星半店铺,郑州王婆大虾(凤凰茶城总店),113.717397,34.74310351
1093,三星半店铺,郑州围辣串串香(经三路店),113.6942521,34.80064683
1094,三星半店铺,郑州品酒轩海鲜火锅,113.7069274,34.78590789
1095,三星半店铺,郑州王婆大虾(金城国际广场店),113.6980585,34.79938181
1096,三星半店铺,郑州小V家秘制火锅鸡(宏祥路店),113.6723822,34.84435831
1098,三星半店铺,郑州锅圈食汇火锅烧烤食材超市(福彩路店),113.6969183,34.82470908
1099,三星半店铺,郑州康健康火锅厨房(黄河南路店),113.751074,34.76100394
1100,三星半店铺,郑州锅圈食汇火锅烧烤食材超市(丰庆路店),113.6592365,34.81469971
1101,三星半店铺,郑州齐祺渔锅(龙门路店),113.6553129,34.84881276
1102,三星半店铺,郑州车记骨汤串串香,113.6944864,34.80051471
1103,三星半店铺,郑州阿飞烧烤,113.816548,34.80015997
1104,三星店铺,郑州豫林炒鸡恋虾馆,113.671455,34.80345431
1105,三星半店铺,郑州王婆大虾(龙兴嘉苑店),113.7760252,34.79911711
1106,三星半店铺,郑州三合王婆大虾(十里铺店),113.6705376,34.81681124
1112,三星半店铺,郑州梵加严选火锅(普罗旺世店),113.6383548,34.82792672
1113,三星半店铺,郑州王婆大虾(生产路店),113.6560136,34.7911893
1114,三星半店铺,郑州佰人王串串香火锅(未来路店),113.7102281,34.74563749
1115,三星店铺,郑州张新革传统砂锅(丰庆路店),113.6545248,34.83237698
1117,三星半店铺,郑州锅圈食汇火锅烧烤食材超市(兴荣街店),113.7189784,34.77050483
1118,三星半店铺,郑州京佬铜锅涮肉,113.6520156,34.83208105
1119,三星半店铺,郑州遇见旋转小火锅(祭城店),113.775456,34.783916
1120,三星半店铺,郑州大铜锅四季涮肉(丰庆路店),113.649744,34.82693896
1123,三星半店铺,郑州尚记川外川串串火锅(白庙路旗舰店),113.676053,34.8013262
1124,三星半店铺,郑州张记鸡鱼火锅(天明路店),113.649755,34.80430451
1125,三星半店铺,郑州固始鹅块火锅(天伦路店),113.6973208,34.83121505
1126,三星半店铺,郑州遇见旋转小火锅,113.8043289,34.81494072
1127,三星半店铺,郑州串库串串香(蓝堡湾店),113.6810594,34.80369795
1129,三星半店铺,郑州蜀相遇特色串串火锅(丰业广场店),113.650135,34.79252596
1130,三星半店铺,郑州老廣州打边炉,113.6730982,34.76960838
1131,三星半店铺,郑州鱼库秘制烤鱼(园田路店),113.6591364,34.81377217
1132,三星半店铺,郑州杨新伟老北京旋转小火锅(白庙路店),113.6756563,34.7897854
1133,三星半店铺,郑州王婆大虾(龙子湖建业智慧港店),113.8136964,34.79703024
1134,三星半店铺,郑州鱼状元鱼火锅·虾锅烤鱼,113.7767877,34.78717408
1135,三星半店铺,郑州围辣串串香(红专路店),113.6854524,34.78571126
1136,三星半店铺,郑州子非鱼鱼火锅,113.7767877,34.78717408
1137,三星半店铺,郑州围辣串串香(福彩路店),113.6942521,34.80064683
1139,三星半店铺,郑州清真杨记笋鸡牛肉店,113.6910777,34.76390848
1140,三星半店铺,郑州御品江湖涮牛肚,113.685707,34.81101284
1141,三星半店铺,郑州铁筷子大灶台,113.6342187,34.79372216
1142,三星半店铺,郑州东北大骨头锅,113.6803767,34.83895825
1143,三星半店铺,郑州黄河滩地锅城(姚桥店),113.8005205,34.81234576
1145,三星半店铺,郑州广式猪肚鸡,113.7112438,34.78586157
1146,三星半店铺,郑州仲记寻鲜记,113.758176,34.77511099
1147,三星半店铺,郑州围辣串串香(天伦水晶城店),113.6645822,34.81804458
1149,三星半店铺,郑州李记京味铜锅涮,113.667277,34.76563798
1150,三星半店铺,郑州蓉城火锅,113.6366268,34.77101292
1151,三星半店铺,郑州王婆大虾(渠东路店),113.683462,34.79872118
1153,三星店铺,郑州胖虎旋转小火锅,113.622734,34.77568495
1156,三星半店铺,郑州小火锅花甲粉,113.6899877,34.77467891
1158,三星半店铺,郑州锅便利(普罗旺世店),113.6383548,34.82792672
1159,三星半店铺,郑州有间转转锅,113.7115963,34.78273381
1160,三星半店铺,郑州灶连灶秘制地锅鸡(姚桥育翔路店),113.8084842,34.81212541
1162,三星半店铺,郑州竹子头毛肚火锅(丰庆路店),113.6548336,34.82960328
1164,三星半店铺,郑州围辣串串香(金水金街店),113.7317667,34.75522325
1167,三星半店铺,郑州涮香府肥牛火锅(龙子湖校区店),113.8053566,34.82509623
1168,三星半店铺,郑州围辣串串香(正弘城蓝堡湾贵人街店),113.6796236,34.80258748
1170,三星半店铺,郑州沸腾吧肥牛火锅老店,113.8043189,34.81542816
1172,三星半店铺,郑州王子鲜炒鸡碳锅鱼,113.6800386,34.79976278
1173,三星半店铺,郑州江湖旋转小火锅,113.6319577,34.77827077
1175,三星半店铺,郑州川小伙串串香,113.676536,34.80298562
1181,三星半店铺,郑州佳哺佳哺涮涮锅(大上海城店),113.675434,34.76230298
1182,三星半店铺,郑州王记秘制旋转小火锅,113.6319577,34.77827077
1183,三星半店铺,郑州传奇旋转自助火锅,113.6906281,34.7760065
1186,三星半店铺,郑州嗨约火锅·时尚火锅外卖(黄河路店),113.6912475,34.78477554
1188,三星半店铺,郑州杨新伟旋转小火锅(畜牧路店),113.7011314,34.81200368
1192,三星半店铺,郑州985火锅学院,113.6281277,34.78697352
1196,三星半店铺,郑州我的小板凳老火锅,113.6463632,34.82897631
1217,三星半店铺,郑州森林海广东火锅打边炉?清真,113.6730982,34.76960838
1221,三星半店铺,郑州薛记全羊炖(桐柏路店),113.6108754,34.79535462
1223,三星半店铺,郑州川香渔歌(桐柏路店),113.6188333,34.7854623
1228,三星半店铺,郑州良弥一味独食火锅(高新区店),113.684337,34.80212894
1250,三星半店铺,郑州潮汕记生鲜牛肉火锅(华强城市广场清真店),113.6111741,34.7955802
1257,三星半店铺,郑州齐祺渔锅(市场街店),113.632642,34.78057099
1259,三星半店铺,郑州重庆锅巴饮年代火锅(华强广场店),113.6102888,34.79595296
1268,三星半店铺,郑州海底捞小火锅外送(中原店),113.6090109,34.79916662
1273,五星店铺,郑州海底捞火锅(华强广场店),113.6104867,34.79751786
1287,三星半店铺,郑州老北京旋转小火锅(威尼斯店),113.6190152,34.78503895
1291,三星半店铺,郑州马家熟牛肉(电厂路店),113.6123309,34.80176281
1296,三星半店铺,郑州杨妞砂锅烧烤总店,113.687965,34.79082794
1298,三星半店铺,郑州巧嫂子老成都旋转小火锅,113.669855,34.83286838
1304,三星半店铺,郑州二厂烩羊肉,113.6220384,34.77600065
1315,三星半店铺,郑州涮便利·火锅烧烤食材超市(升龙天汇店),113.7124913,34.76935655
1316,三星半店铺,郑州围辣串串香(华强广场店),113.6096896,34.79824076
1317,三星店铺,郑州鸿兴斋·现宰羊肉涮锅,113.638567,34.77389895
1323,三星店铺,郑州爱尚旋转小火锅,113.6659677,34.8180794
1330,三星半店铺,郑州皇家大厨水晶料理,113.6653774,34.82902492
1331,三星半店铺,郑州海记牛肉,113.6915529,34.7719024
1333,三星店铺,郑州梁记旋转火锅,113.6090383,34.79946022
1334,三星半店铺,郑州汇选食材(升龙天汇店),113.6324027,34.78042157
1336,三星店铺,郑州春城涮锅,113.7136666,34.743591
1340,三星店铺,郑州西郊大砂锅羊蝎子,113.6867352,34.79856459
1341,三星半店铺,郑州穆记涮锅(嵩山北路店),113.6371292,34.77310987
1343,三星半店铺,郑州杨明老成都旋转小火锅,113.669855,34.83286838
1350,三星半店铺,郑州廣顺興猪肚鸡(华强广场店),113.6096896,34.79824076
1351,三星半店铺,郑州陈钢串串香,113.6744515,34.8015528
1361,三星半店铺,郑州伊赛牛肉(晶华城店),113.7539318,34.79031197
1365,三星半店铺,郑州跃田兔火锅(沙口路店),113.6382492,34.78848636
1371,三星半店铺,郑州大脸烫烫麻辣烫(华强广场店),113.6096896,34.79824076
1372,四星店铺,郑州潮蜀蜀串串火锅(华联店),113.6736949,34.75990964
1381,三星半店铺,郑州冉老二羊蝎子火锅鸡烧烤(北环路店),113.6458929,34.81487226
1383,三星半店铺,郑州颜记京味羊棒骨羊蝎子,113.6867352,34.79856459
1385,三星店铺,郑州米多多(合源餐厅店),113.7267083,34.77760929
1389,三星半店铺,郑州安大叔拌饭(华强广场店),113.7444313,34.78848494
1397,三星半店铺,郑州伊赛牛肉草原宏宝羊肉,113.7539318,34.79031197
1400,三星半店铺,郑州永强旋转小火锅(升龙天汇总店),113.6274616,34.78448085
1407,三星半店铺,郑州巴味火锅(黄河路店),113.6817195,34.7804625
1418,三星半店铺,郑州蓝帝生态火锅(嵩山路店),113.631389,34.78188796
1421,三星半店铺,郑州小鸟铁板烧火锅,113.6440438,34.77765414
1422,三星半店铺,郑州钱渔巷纸包鱼,113.618795,34.78519497
1426,三星半店铺,郑州上水·王婆大虾(升龙旗舰店),113.6327543,34.77968435
1427,三星半店铺,郑州超密虾太极炒虾尾炒猪蹄烧烤(华强广场店),113.6096896,34.79824076
1434,三星半店铺,郑州老菌台菌香烩面烩羊肉,113.7108486,34.77787243
1440,三星半店铺,郑州锅小递火锅外卖(风和日丽店),113.6912475,34.78477554
1442,三星半店铺,郑州重庆浪潮鲜毛肚火锅,113.682962,34.791913
1445,三星半店铺,郑州王记王小锅,113.6101526,34.80232057
1447,三星店铺,郑州老大地锅鸡,113.611449,34.79613096
1448,四星半店铺,郑州稻香海鲜点心酒家(华润万象城店),113.66933,34.76034817
1450,四星店铺,郑州锅大侠市集火锅(大上海城店),113.6659887,34.76725199
1453,三星半店铺,郑州前男友的火锅店,113.80052,34.81301696
1472,三星半店铺,郑州小酒馆串串火锅,113.6736949,34.75990964
1481,四星店铺,郑州海底捞火锅(橄榄城乐享茂店),113.6725029,34.76264075
1488,四星店铺,郑州渝卤舍重庆火锅,113.6441457,34.77043426
1498,四星店铺,郑州韩遇·幸福里(大上海城店),113.6745971,34.76272
1502,三星半店铺,郑州掂档潮汕牛肉火锅(华润万象城店),113.66933,34.76034817
1504,五星店铺,郑州海底捞火锅(华润万象城店),113.66933,34.76034817
1522,三星半店铺,郑州固始鹅火锅,113.7091668,34.74462552
1524,四星半店铺,郑州锅玖玖火锅(二七广场店),113.6729836,34.7582827
1526,三星半店铺,郑州清真·鑫德肥牛火锅,113.6802255,34.76067246
1531,三星半店铺,郑州清真·大刀涮,113.722202,34.755822
1550,三星半店铺,郑州王婆大虾(鸿成光彩总店),113.6765738,34.76105583
1558,三星半店铺,郑州什佰仟麻辣烫(棉纺路店),113.6409377,34.76228207
1560,三星半店铺,郑州蝎如意,113.7220683,34.79394175
1561,四星半店铺,郑州丽江龙继斑鱼庄(建设东路店),113.6451235,34.75995635
1565,三星半店铺,郑州老海记笋鸡,113.6768109,34.76148754
1569,三星半店铺,郑州农家大盘鸡,113.6747255,34.76316764
1572,三星半店铺,郑州升级版鸡蛋灌饼分店,113.6897807,34.75963095
1588,三星半店铺,郑州虾吃虾涮虾火锅(佛岗店),113.6692975,34.80546017
1595,三星半店铺,郑州家婆小郡肝串串火锅(郑州总店),113.6863743,34.79897632
1602,三星半店铺,郑州清真回族凤姐重庆串串香(总店),113.6831896,34.76262696
1607,三星半店铺,郑州佟记碳锅鱼(合作路店),113.646921,34.76344619
1608,三星半店铺,郑州王记串串香,113.8055311,34.81519507
1612,三星半店铺,郑州四个蹄老马记牛肉,113.6991538,34.74947961
1613,三星半店铺,郑州嘉毅火锅轰趴·专业火锅外卖(大学路店),113.7236579,34.74664114
1615,三星半店铺,郑州君君串串(大卫城店),113.6721841,34.7645009
1626,三星半店铺,郑州烤羊蝎子,113.6867352,34.79856459
1633,三星半店铺,郑州陈钢串串香(马寨店),113.6744515,34.8015528
1636,三星半店铺,郑州洛阳烧烤涮牛肚,113.6597833,34.75857556
1637,三星半店铺,郑州骨香锅香卤排骨,113.6761438,34.78174335
1643,三星半店铺,郑州心德大厨房,113.7052769,34.76088494
1645,三星半店铺,郑州五粮鲜炒鸡火锅鱼,113.6800386,34.79976278
1649,三星店铺,郑州海娜百串,113.6716099,34.7616264
1664,三星半店铺,郑州随心小火锅,113.6637269,34.7634071
1672,三星半店铺,郑州贤合庄卤味火锅(百年德化街店),113.6735878,34.75832578
1675,三星半店铺,郑州幸福里串签火锅,113.7111798,34.80098622
1683,三星半店铺,郑州齐祺渔锅(橄榄城店),113.6371497,34.83161461
1695,三星半店铺,郑州博爱牛肉丸子汤(嵩山北路店),113.6347665,34.79310431
1696,三星店铺,郑州金水河源生态火锅山庄,113.6664477,34.80607045
1701,四星半店铺,郑州湊湊火锅·茶憩(郑州万象城店),113.6682761,34.761729
1704,三星半店铺,郑州王小王羊蝎子,113.6867352,34.79856459
1708,四星店铺,郑州慢跑的小红鸡(沙口路店),113.6382492,34.78848636
1713,三星半店铺,郑州三雄老板凳豆花火锅,113.6663863,34.7608022
1714,三星半店铺,郑州老家味牛杂火锅,113.693752,34.77998899
1718,四星半店铺,郑州大张涮原切羊(郑州店),113.67286,34.75946799
1721,三星店铺,郑州巴小街串串香火锅,113.629817,34.83941236
1722,三星半店铺,郑州围辣串串香(京广路店),113.6664271,34.76059083
1726,三星半店铺,郑州麻门福·秘制羊棒骨(大卫城店),113.6721841,34.7645009
1727,三星半店铺,郑州老成都旋转小火锅(橄榄城店),113.669855,34.83286838
1731,三星店铺,郑州藤椒鱼庄,113.7069335,34.76438666
1734,三星店铺,郑州五月轩回转小火锅,113.6416945,34.82218585
1735,三星半店铺,郑州独味斋涮锅,113.7136666,34.743591
1736,三星半店铺,郑州通吃門涮烤一体老火锅,113.7769826,34.76042179
1739,四星店铺,郑州龙继斑鱼庄(橄榄城店),113.6451235,34.75995635
1740,四星店铺,郑州渔火头锡纸烤鱼·烧烤,113.8005513,34.8167356
1756,四星店铺,郑州小凤阁秘制鸡虾煲(二七广场店),113.6729836,34.7582827
1758,四星店铺,郑州大草原羊架子馆总店,113.706579,34.75498899
1763,三星店铺,郑州东城火锅,113.7071752,34.76291246
1764,三星半店铺,郑州京豫马四涮锅(果园路店),113.683886,34.75834231
1769,四星半店铺,郑州好彩猪肚鸡火锅(美景龙堂店),113.7362392,34.75690389
1775,三星半店铺,郑州老齐家碳锅鸡碳锅鱼襄县焖面,113.7219523,34.74571149
1781,五星店铺,郑州海底捞火锅(西大街店),113.67784,34.76218895
1789,三星半店铺,郑州牛王火锅(城东路店),113.6982602,34.75224643
1800,三星半店铺,郑州武记碳锅鱼碳锅鸡(东明路店),113.7031768,34.75146337
1808,五星店铺,郑州渔珺传奇石锅鱼(商英街店),113.7433527,34.78964244
1810,四星店铺,郑州外婆鱼火锅,113.7767877,34.78717408
1813,三星半店铺,郑州黄记煌三汁焖锅(盛华里店),113.7145969,34.76723319
1815,三星半店铺,郑州齐祺渔锅(经开中心广场店),113.6371497,34.83161461
1818,三星半店铺,郑州杨新伟老北京旋转小火锅(商城路店),113.7001907,34.75647386
1821,三星半店铺,郑州乡村纸包鱼,113.7054938,34.75643635
1828,三星半店铺,郑州京回阁二力涮锅(管城街店),113.6834327,34.75776216
1831,三星店铺,郑州齐祺渔锅(阳光城店),113.6371497,34.83161461
1832,四星店铺,郑州火盆景麻辣鱼(城东路店),113.697662,34.75402638
1834,五星店铺,郑州巴奴毛肚火锅(商城路店),113.707101,34.756866
1841,三星半店铺,郑州一嘴香·烂摊摊火锅集市(航海路未来路店),113.710713,34.75460363
1848,三星半店铺,郑州船越鲜鱼捞(盛华里店),113.7275234,34.78254347
1857,三星半店铺,郑州巴四老城区炭火蛙锅(经开盛华里店),113.6870031,34.80158474
1859,三星半店铺,郑州王婆大虾(全国总店),113.687965,34.79082794
1865,四星半店铺,郑州海底捞火锅(东明路店),113.7063216,34.75455925
1876,三星半店铺,郑州于记骨汤串串香,113.6992913,34.75645281
1880,三星半店铺,郑州粤渝肚煲鸡老火锅,113.7769826,34.76042179
1892,三星半店铺,郑州王婆大虾(郑州总店),113.7206619,34.7543862
1909,三星半店铺,郑州海记牛肉世家,113.6915529,34.7719024
1920,三星店铺,郑州正宗潮汕牛肉丸火锅,113.687439,34.80799696
1923,三星半店铺,郑州安和美一餐,113.8194553,34.77269727
1940,三星店铺,郑州淘汰郎(管城店),113.6498919,34.83168357
1953,三星半店铺,郑州马东羊蝎子饭店(清真),113.6759956,34.75808208
1958,三星半店铺,郑州大铜锅四季涮肉(未来路店),113.724714,34.75638497
1961,三星店铺,郑州永红骨汤串串香,113.6799211,34.83205031
1963,三星半店铺,郑州YXW老北京旋转小火锅,113.7362632,34.75687364
1972,三星半店铺,郑州锦城大院火锅(郑东新区店),113.775056,34.77382097
1973,三星半店铺,郑州潮阿牛鲜货火锅(新世界百货店),113.689253,34.75915074
1976,三星半店铺,郑州黄记煌三汁焖锅(汇美茂店),113.7145969,34.76723319
1980,三星半店铺,郑州炸鸡姑娘韩式年糕火锅(德化街店),113.6749292,34.76272111
1981,三星半店铺,郑州清真穆沁斋涮锅,113.7136666,34.743591
1982,三星半店铺,郑州锅圈食汇(铭功路店),113.6664519,34.76592402
1986,三星半店铺,郑州添客转转锅·清真(新世界百货店),113.689253,34.75915074
1990,三星半店铺,郑州麻门福·秘制羊棒骨(航海路丹尼斯店),113.711496,34.75847695
2003,三星店铺,郑州游子老鸭汤,113.7593514,34.78915129
2004,三星半店铺,郑州潮洋汕头牛肉丸火锅,113.7360873,34.756581
2005,三星半店铺,郑州广和馆猪肚鸡(华钻店),113.7282308,34.75563419
2009,三星半店铺,郑州煲状元广式猪肚鸡(商英街店),113.7112438,34.78586157
2018,三星半店铺,郑州兄弟涮锅(毛庄店),113.7136666,34.743591
2024,三星半店铺,郑州百年肥羊,113.63746,34.82581814
2034,三星店铺,郑州小杰海鲜烧烤乡村地锅柴鸡,113.6896653,34.79834702
2045,三星半店铺,郑州蛙哇哒·炒鸡与牛蛙(美景万科店),113.675871,34.76243976
2056,三星店铺,郑州齐祺渔锅(丰乐路店),113.6371497,34.83161461
2058,三星半店铺,郑州品江红串串香,113.635297,34.81639198
2060,三星半店铺,郑州百煮签味旋转小火锅(升龙汇金店),113.6358507,34.80574938
2064,三星半店铺,郑州串串李串串香(南阳路店),113.6331409,34.81521078
2065,三星店铺,郑州忠鱼重庆鱼火锅,113.6313747,34.84148674
2066,三星半店铺,郑州围辣串串香(升龙汇金店),113.7124913,34.76935655
2070,三星半店铺,郑州火盆景麻辣鱼(凯诺新都汇店),113.636885,34.80710595
2073,三星半店铺,郑州德宝·御香苑(长兴路店),113.6327896,34.82834415
2081,三星半店铺,郑州鱼道鱼火锅(兴隆铺店),113.6364963,34.81651674
2087,三星半店铺,郑州老北京串串香(薛岗老店),113.686557,34.84822125
2089,三星店铺,郑州奉都涮锅,113.7136666,34.743591
2090,三星半店铺,郑州代代牛牛肚火锅,113.6372383,34.83191105
2093,三星半店铺,郑州昕时器蒸汽石锅鱼(华商万汇城店),113.6511176,34.82603023
2099,三星店铺,郑州饶氏正宗川味串串香,113.6368278,34.8158335
2109,三星半店铺,郑州五味鱼火锅,113.7767877,34.78717408
2110,三星半店铺,郑州佰人王串串香火锅直营店(南阳路店),113.6682842,34.77824016
2111,三星店铺,郑州洛阳古城涮牛肚·特色烧烤(兴隆铺路店),113.6364734,34.81708537
2115,三星店铺,郑州忠鱼重庆鱼火锅(思念果岭店),113.6313747,34.84148674
2117,三星半店铺,郑州齐祺渔锅(月湖广场店),113.6371497,34.83161461
2129,三星半店铺,郑州真伊德涮羊肉羊蝎子(华商广场店),113.635638,34.82979783
2131,三星半店铺,郑州二力涮锅总店,113.6834327,34.75776216
2134,三星半店铺,郑州川江毛肚火锅(国基路店),113.66328,34.8257711
2138,三星半店铺,郑州豫虾当家香辣虾,113.6540314,34.83398888
2141,三星半店铺,郑州京味涮锅,113.7136666,34.743591
2144,三星店铺,郑州老四辈驴肉馆,113.6522311,34.78707365
2145,三星店铺,郑州铜锅涮北京涮锅,113.629561,34.83935896
